"appid","time0"
"343800",1422230400
"343810",1422230400
"343820",1422230400
"343830",1422230400
"343840",1423008000
"343930",1432166400
"343940",1426204800
"343950",1421798400
"343951",1422921600
"343952",1422403200
"343953",1431388800
"343955",1423612800
"343956",1431475200
"343959",1428969600
"343970",1421452800
"271950",1420761600
"271990",1421971200
"259410",1415577600
"259570",1422576000
"344000",1429488000
"344030",1422057600
"344040",1426636800
"344050",1423094400
"344060",1430265600
"344070",1430179200
"344080",1430265600
"344090",1430179200
"344140",1421884800
"344150",1423612800
"344160",1427932800
"344200",1429660800
"344220",1423699200
"344230",1423526400
"272080",1415145600
"272083",1415145600
"272084",1415145600
"344260",1432598400
"272090",1415145600
"344270",1423526400
"344290",1422489600
"344300",1423180800
"344340",1422835200
"272230",1414627200
"344410",1421625600
"344450",1430956800
"344460",1423180800
"344461",1426550400
"344462",1428969600
"344470",1421366400
"344480",1431129600
"344490",1421712000
"344500",1424304000
"344510",1421798400
"344530",1427328000
"344550",1429228800
"344551",1429228800
"344630",1422489600
"272490",1416182400
"344730",1422921600
"344750",1422230400
"344760",1425254400
"344790",1422576000
"344800",1426204800
"344810",1426204800
"344840",1425427200
"344860",1422489600
"344880",1425254400
"344910",1428019200
"344920",1423526400
"344960",1426550400
"345000",1422489600
"345010",1423526400
"345030",1423526400
"345050",1425081600
"345060",1425340800
"345080",1431561600
"345090",1422921600
"345120",1426550400
"345130",1424995200
"345140",1427932800
"345150",1421712000
"345170",1422403200
"345180",1423094400
"345200",1423094400
"345220",1422921600
"345280",1422230400
"345290",1422403200
"345300",1422403200
"345310",1422403200
"345340",1430179200
"345370",1426723200
"345470",1422403200
"345520",1425600000
"345540",1424304000
"345555",1429660800
"345556",1429660800
"345557",1429660800
"345558",1429660800
"345562",1429660800
"345570",1423180800
"345580",1423180800
"345610",1431561600
"345640",1424044800
"345650",1421971200
"345660",1423267200
"345670",1421971200
"345710",1423699200
"345740",1427932800
"345750",1423440000
"345790",1422230400
"345800",1422921600
"345820",1429660800
"345860",1421971200
"345870",1424217600
"345890",1432252800
"345900",1427587200
"273750",1418860800
"345930",1427932800
"273790",1429142400
"345980",1425945600
"273830",1415059200
"273840",1418860800
"273850",1416182400
"273860",1416873600
"346010",1422403200
"346040",1427328000
"346060",1424736000
"346070",1429660800
"346071",1429660800
"346080",1422835200
"346110",1431302400
"346120",1424390400
"346130",1430265600
"346140",1424995200
"346150",1428278400
"346160",1422921600
"346170",1424476800
"346180",1423699200
"346200",1423094400
"346210",1422835200
"346230",1424390400
"346240",1422230400
"346250",1422230400
"346270",1425513600
"346280",1424995200
"346290",1422835200
"346310",1422230400
"346311",1422230400
"346320",1422316800
"346340",1431129600
"346360",1424390400
"346370",1422921600
"346400",1422230400
"274230",1421884800
"346420",1426032000
"346440",1423094400
"274270",1424304000
"346450",1422230400
"346470",1424908800
"346480",1423180800
"346490",1426118400
"346510",1423699200
"274350",1426204800
"346540",1423699200
"346541",1423699200
"346542",1423785600
"346550",1425254400
"346560",1423612800
"346590",1426723200
"346630",1423008000
"346640",1422489600
"346650",1422316800
"346660",1422316800
"346670",1425945600
"346690",1422921600
"346720",1423612800
"346743",1427760000
"274580",1416787200
"346770",1429660800
"346780",1428278400
"346800",1424995200
"346810",1423008000
"346830",1429747200
"346850",1429228800
"346860",1422403200
"346890",1423008000
"274700",1421884800
"346900",1427673600
"346920",1422489600
"346940",1432166400
"346950",1424131200
"346970",1423872000
"346990",1430179200
"347010",1422403200
"347030",1422835200
"347040",1425859200
"347050",1424908800
"347070",1423785600
"347090",1426464000
"347100",1422489600
"347101",1422489600
"347102",1422489600
"347103",1422489600
"347104",1422489600
"347105",1422489600
"347110",1423612800
"347120",1424736000
"347150",1431388800
"347154",1429660800
"347155",1429142400
"347160",1431388800
"347180",1423440000
"347181",1430352000
"347190",1430870400
"347210",1430870400
"347211",1430870400
"347212",1430956800
"347213",1427068800
"347220",1429488000
"347230",1427846400
"347240",1427846400
"347250",1427846400
"347260",1427846400
"347270",1427846400
"347280",1426896000
"347290",1425081600
"275125",1428537600
"275127",1424736000
"275200",1422489600
"347430",1425254400
"347440",1424736000
"347450",1427414400
"347470",1427673600
"347480",1422921600
"347490",1422489600
"347491",1422489600
"347492",1422489600
"347493",1422489600
"347494",1422489600
"347560",1422921600
"347570",1423699200
"347580",1423699200
"347590",1424044800
"347620",1432512000
"347630",1427068800
"347640",1426809600
"347641",1426809600
"347642",1426809600
"347643",1426809600
"347644",1426809600
"347645",1426809600
"347670",1426032000
"347680",1424390400
"347690",1422835200
"347710",1427328000
"347780",1422921600
"347790",1428019200
"347800",1425081600
"275690",1415664000
"347880",1422921600
"347890",1429056000
"347900",1422921600
"347910",1424476800
"347920",1423440000
"347930",1423008000
"347940",1423008000
"347980",1424736000
"347981",1429056000
"347990",1425427200
"360010",1430092800
"360030",1432512000
"360090",1428364800
"360091",1428364800
"360092",1428364800
"360093",1428364800
"360094",1428364800
"360095",1428364800
"360096",1428364800
"360097",1428364800
"360098",1428364800
"360099",1428364800
"360110",1428364800
"360111",1428364800
"360112",1428364800
"360113",1428364800
"360114",1428364800
"360115",1428364800
"360120",1428364800
"360130",1428451200
"360140",1429747200
"360240",1428537600
"360290",1431734400
"360350",1431993600
"360360",1431648000
"360380",1429747200
"360390",1427932800
"360420",1428364800
"360421",1428364800
"360422",1428364800
"360423",1428451200
"360424",1428364800
"360425",1428364800
"360426",1428364800
"360427",1428364800
"360428",1428364800
"360450",1429142400
"360480",1430697600
"360520",1427846400
"360530",1428883200
"360590",1431475200
"360600",1427760000
"360680",1431388800
"360720",1429315200
"360750",1429488000
"360770",1431907200
"360790",1431907200
"360820",1427846400
"360870",1428278400
"360880",1430956800
"360890",1429488000
"360920",1431475200
"360960",1428883200
"348000",1423094400
"348010",1423008000
"348020",1427414400
"348030",1432166400
"348040",1425859200
"348070",1425600000
"348090",1423094400
"348091",1423094400
"348100",1423094400
"348110",1423440000
"348160",1427328000
"348180",1426118400
"348200",1428364800
"348270",1424822400
"348290",1427241600
"348300",1429228800
"348310",1423094400
"348320",1424217600
"348330",1423526400
"348350",1432252800
"348370",1431475200
"348380",1423008000
"348400",1427241600
"348430",1431043200
"348440",1431043200
"348450",1423440000
"348530",1427068800
"348550",1432252800
"348560",1423267200
"348561",1424217600
"348610",1423180800
"348620",1427328000
"348650",1423180800
"348670",1426118400
"348680",1424995200
"348681",1425945600
"348682",1429574400
"348683",1429574400
"348684",1428364800
"348685",1428364800
"348686",1427155200
"348687",1430784000
"348690",1423785600
"348700",1426636800
"348730",1429833600
"348750",1424736000
"348760",1424476800
"348790",1423612800
"348840",1432252800
"348850",1424736000
"348860",1424390400
"348870",1423612800
"348920",1423785600
"348960",1424649600
"348970",1424908800
"348980",1424044800
"348990",1426809600
"276810",1416182400
"361020",1431302400
"361060",1428278400
"361070",1430697600
"361110",1429488000
"361170",1428019200
"361171",1428019200
"361172",1428019200
"361173",1428019200
"361180",1427932800
"361181",1427932800
"361182",1427932800
"361183",1427932800
"361190",1429574400
"361220",1431043200
"361280",1432598400
"361310",1427932800
"361312",1428019200
"361313",1428019200
"361314",1427932800
"361320",1429228800
"361330",1429574400
"361350",1431302400
"361380",1428537600
"361430",1429660800
"361440",1428364800
"361470",1430438400
"361480",1430352000
"361481",1430352000
"361482",1430352000
"361483",1430352000
"361484",1430352000
"361485",1430352000
"361520",1429833600
"361540",1430870400
"361541",1430870400
"361542",1430870400
"361620",1432166400
"361630",1428624000
"361660",1428364800
"361670",1430179200
"361690",1430179200
"361700",1428364800
"361800",1430179200
"361820",1430611200
"361830",1429056000
"361850",1432512000
"361870",1428019200
"361970",1430956800
"361990",1428624000
"349000",1431475200
"349050",1425859200
"349060",1424304000
"349080",1423180800
"349130",1424736000
"349190",1430265600
"349210",1423612800
"349240",1424995200
"349260",1424131200
"349280",1432166400
"349300",1428019200
"349310",1423785600
"349320",1427760000
"349330",1424390400
"349331",1424390400
"349350",1427932800
"349370",1423612800
"349440",1428364800
"349450",1423440000
"349460",1429488000
"349480",1424908800
"349500",1424822400
"349530",1424822400
"349540",1424131200
"349550",1424822400
"349560",1424131200
"349620",1424304000
"349660",1425340800
"349670",1427846400
"349690",1425340800
"349740",1425859200
"349750",1424304000
"349770",1429142400
"349780",1424390400
"349800",1429142400
"349810",1431388800
"349820",1423612800
"349830",1430352000
"277680",1418256000
"277730",1421884800
"277739",1417737600
"277740",1415232000
"277742",1421625600
"277749",1429660800
"277752",1418860800
"277753",1418169600
"277754",1418342400
"277755",1422576000
"277756",1424908800
"277757",1424908800
"277758",1426118400
"277759",1423180800
"349930",1424995200
"277760",1423699200
"349931",1424995200
"349932",1424995200
"277762",1425513600
"349933",1424995200
"277763",1427328000
"349934",1424995200
"277764",1430265600
"349935",1424995200
"277765",1427932800
"349936",1424995200
"349937",1424995200
"277767",1424995200
"349938",1424995200
"277768",1426723200
"349939",1424995200
"277769",1429142400
"349940",1424995200
"277770",1430870400
"349941",1424995200
"277771",1431561600
"349950",1423699200
"349960",1424304000
"349970",1423699200
"349980",1430352000
"277821",1422662400
"277850",1418688000
"362010",1428019200
"362030",1428969600
"362040",1428278400
"362050",1429488000
"362090",1429142400
"362100",1428624000
"362130",1429228800
"362140",1429660800
"362170",1428364800
"362280",1428537600
"362320",1429142400
"362350",1431043200
"362400",1430092800
"362420",1428883200
"362460",1429574400
"362490",1430265600
"290300",1431043200
"362500",1430438400
"290340",1421193600
"362520",1430438400
"362530",1430438400
"362540",1430438400
"362550",1430438400
"362560",1430438400
"362570",1430438400
"362580",1430438400
"362590",1430438400
"362610",1432512000
"362620",1430092800
"362630",1430870400
"362640",1430870400
"362641",1430870400
"362660",1429574400
"362700",1429228800
"290530",1414627200
"362710",1428537600
"362740",1431302400
"362760",1430524800
"362780",1431043200
"362790",1431043200
"290630",1418947200
"362820",1430438400
"362830",1429574400
"362850",1432598400
"362860",1432252800
"362870",1429833600
"362890",1430784000
"362900",1429488000
"362920",1429228800
"362940",1431907200
"362950",1429056000
"290790",1421193600
"290830",1420502400
"290930",1427241600
"278100",1424649600
"22140",1417737600
"363000",1430179200
"363020",1429056000
"363030",1429228800
"363031",1429228800
"363050",1429833600
"363060",1429833600
"363070",1429833600
"363200",1430697600
"363220",1429056000
"363260",1430179200
"363261",1430179200
"363320",1430179200
"363330",1429228800
"363340",1429660800
"291170",1415664000
"363410",1432080000
"363430",1431648000
"363460",1429574400
"363480",1429228800
"363490",1428969600
"363500",1431388800
"363550",1430870400
"363570",1428969600
"363620",1429315200
"363630",1431993600
"291470",1423180800
"363660",1429228800
"363690",1429056000
"363740",1430092800
"363770",1432598400
"363781",1432598400
"363790",1430784000
"363800",1430179200
"363810",1431388800
"363830",1431129600
"363900",1429142400
"363920",1429488000
"363970",1431561600
"279440",1416528000
"279720",1425427200
"279740",1427932800
"279800",1427068800
"364100",1432166400
"364130",1432166400
"364170",1429228800
"364180",1429142400
"364240",1429488000
"364270",1430265600
"292114",1421798400
"292116",1416441600
"292117",1416441600
"292118",1416441600
"292119",1416441600
"364300",1431302400
"292140",1415664000
"364320",1432166400
"364360",1429660800
"364370",1429747200
"364380",1429833600
"364400",1429660800
"364410",1429228800
"364450",1429488000
"364480",1431561600
"364660",1429228800
"364710",1429660800
"364750",1431302400
"364770",1429488000
"364790",1431907200
"364800",1431043200
"364810",1431043200
"364890",1429747200
"364900",1430352000
"364920",1429488000
"292750",1417305600
"364930",1429920000
"364940",1429660800
"364970",1430438400
"365000",1429488000
"365020",1431648000
"365030",1429315200
"365031",1429228800
"365032",1429228800
"365033",1429228800
"365050",1429488000
"365070",1429574400
"365080",1431302400
"365110",1429574400
"365140",1432252800
"365170",1429747200
"365190",1431475200
"208750",1415750400
"365210",1430438400
"365220",1430438400
"365270",1429574400
"365280",1430697600
"365290",1429747200
"293140",1422057600
"365320",1432252800
"365330",1429833600
"365340",1430092800
"365360",1429574400
"293220",1431561600
"365400",1430870400
"365420",1430179200
"365430",1429747200
"293280",1422835200
"365460",1432598400
"365470",1431388800
"365490",1429660800
"365500",1430352000
"293340",1416441600
"365520",1432080000
"365530",1431993600
"365540",1432080000
"365580",1430697600
"293440",1415145600
"365620",1430784000
"365630",1429574400
"293480",1415923200
"365670",1429833600
"293520",1431561600
"293560",1414713600
"365760",1431993600
"365840",1431561600
"365860",1432080000
"365870",1431302400
"293760",1426118400
"366060",1432166400
"366080",1429747200
"366140",1429747200
"366190",1430438400
"366210",1432598400
"294060",1423526400
"366290",1430179200
"294160",1417564800
"366410",1432512000
"366420",1429747200
"366430",1429747200
"366460",1430697600
"366530",1430352000
"366590",1430352000
"366610",1429833600
"366650",1430870400
"366660",1432166400
"366670",1430697600
"366700",1429833600
"366710",1431475200
"366730",1432252800
"366740",1432252800
"366800",1430352000
"366820",1430956800
"366843",1430092800
"366890",1432166400
"366900",1430352000
"366990",1430352000
"294810",1416268800
"294860",1414627200
"222180",1425945600
"222420",1417046400
"222440",1422576000
"222621",1418342400
"222631",1416441600
"222633",1428537600
"222638",1415836800
"222804",1427155200
"222805",1427155200
"222806",1427155200
"222807",1427155200
"367000",1431388800
"367030",1431043200
"367040",1430092800
"367060",1430438400
"367090",1430438400
"367110",1431648000
"367150",1430179200
"367180",1431388800
"367190",1430438400
"295040",1414627200
"295041",1415059200
"295042",1415059200
"295043",1415059200
"295044",1415059200
"295045",1415664000
"295046",1415664000
"295047",1415664000
"295048",1415664000
"295049",1415664000
"367220",1431388800
"295050",1415664000
"295051",1416873600
"295052",1416873600
"295053",1416873600
"295054",1416873600
"295055",1416873600
"295056",1416873600
"295057",1417564800
"295058",1417564800
"295059",1417564800
"295060",1417564800
"295061",1417564800
"295062",1417564800
"295063",1418169600
"295064",1418169600
"295065",1418083200
"295066",1418169600
"295067",1418083200
"295068",1418169600
"295069",1418083200
"295070",1418688000
"295071",1418688000
"295072",1418688000
"295073",1418688000
"295074",1418688000
"295075",1418688000
"295076",1418688000
"295077",1418688000
"295078",1418688000
"295079",1418688000
"367250",1430352000
"295080",1418688000
"295081",1418688000
"295082",1418688000
"295083",1418688000
"295084",1418688000
"295085",1418688000
"295086",1418688000
"295087",1420502400
"295088",1420502400
"295089",1420502400
"367260",1430179200
"295090",1420502400
"295091",1420502400
"295092",1420502400
"295093",1420502400
"295094",1421107200
"295095",1421107200
"295096",1421107200
"295097",1421107200
"295098",1421107200
"295099",1421107200
"367280",1430179200
"367290",1430697600
"295110",1420848000
"367300",1432252800
"295162",1422403200
"295173",1423785600
"295174",1423785600
"295177",1421798400
"295178",1421798400
"295181",1423094400
"295182",1423094400
"295183",1424131200
"295184",1424131200
"295188",1424736000
"295190",1415577600
"295191",1429660800
"367380",1430697600
"367480",1430265600
"295330",1415059200
"367640",1431388800
"367660",1430784000
"367670",1430697600
"295560",1417651200
"295590",1426723200
"367810",1430352000
"367840",1432598400
"367850",1430956800
"223100",1426204800
"368140",1432512000
"368190",1430870400
"296030",1419984000
"368220",1431388800
"368250",1430784000
"368290",1431907200
"368320",1432080000
"368340",1431648000
"368350",1431388800
"368360",1430870400
"368370",1432512000
"368400",1431388800
"368401",1431388800
"368410",1430956800
"368440",1431561600
"296270",1427241600
"296280",1422576000
"368470",1432252800
"296300",1431043200
"368500",1431388800
"368510",1431129600
"368550",1430870400
"368610",1432252800
"368650",1431043200
"296490",1430352000
"368700",1431648000
"368820",1431043200
"368840",1431475200
"368870",1430956800
"368880",1431648000
"296710",1421971200
"368900",1431302400
"368910",1431475200
"368920",1431475200
"368950",1431388800
"368990",1431302400
"296830",1422230400
"369000",1431302400
"369100",1431648000
"369120",1430870400
"369130",1432512000
"369131",1432512000
"297000",1420502400
"369210",1430956800
"297070",1421884800
"369290",1432512000
"369340",1431043200
"369350",1431388800
"369370",1431648000
"369410",1431993600
"369430",1431734400
"369450",1430956800
"369470",1431043200
"369490",1431388800
"297310",1416182400
"369500",1431561600
"369501",1432166400
"369520",1431648000
"297390",1416873600
"369610",1432512000
"369620",1432166400
"369640",1431388800
"297470",1419292800
"369650",1432252800
"369660",1432252800
"369670",1432252800
"369700",1431993600
"297650",1418688000
"369860",1431561600
"369890",1432512000
"297831",1415836800
"297842",1418342400
"297920",1426118400
"225270",1420588800
"41046",1428710400
"225540",1415664000
"310031",1414627200
"310032",1414627200
"310033",1414627200
"310034",1414627200
"310040",1416268800
"310050",1416268800
"310060",1425859200
"298160",1414713600
"310100",1414713600
"310360",1417737600
"310370",1419897600
"310380",1415318400
"310460",1417651200
"298560",1421107200
"310560",1430092800
"310580",1416528000
"310640",1415750400
"310660",1414627200
"298790",1418169600
"310740",1429142400
"310790",1416268800
"298850",1415145600
"298880",1416009600
"310810",1422403200
"310850",1414713600
"310880",1415232000
"310890",1421884800
"298930",1415664000
"298950",1417564800
"311160",1418947200
"311161",1418947200
"311162",1418947200
"311163",1418947200
"311164",1418947200
"311210",1430092800
"299350",1417564800
"299360",1416441600
"311400",1415836800
"311490",1423699200
"311560",1423094400
"299680",1420070400
"311690",1427673600
"299740",1414627200
"311700",1418256000
"311730",1417651200
"311840",1426636800
"311950",1417651200
"43190",1418342400
"227520",1418601600
"312060",1415232000
"312230",1426464000
"312240",1426118400
"312270",1415923200
"312310",1415836800
"312370",1416355200
"312400",1417392000
"312420",1415664000
"312430",1427760000
"312440",1425254400
"312450",1427760000
"312520",1425340800
"312530",1423440000
"312540",1429574400
"312600",1418083200
"240460",1429660800
"312710",1429488000
"312780",1418083200
"312790",1423526400
"240620",1423008000
"312840",1422489600
"312930",1418256000
"313010",1421020800
"313120",1420761600
"313370",1421712000
"313371",1422316800
"313372",1422921600
"313373",1416268800
"313374",1416873600
"313375",1418083200
"313380",1421107200
"313381",1415664000
"313660",1414972800
"313680",1417392000
"313690",1414713600
"313800",1428883200
"313810",1429142400
"241680",1418688000
"314010",1416787200
"314150",1421280000
"314160",1418860800
"314220",1416528000
"314300",1416787200
"314410",1427155200
"314450",1417392000
"314520",1415059200
"314530",1422921600
"314560",1424995200
"314590",1431388800
"314660",1422835200
"314710",1430179200
"314830",1419206400
"315050",1415232000
"315060",1422576000
"315080",1416355200
"315130",1422144000
"315320",1416960000
"315330",1428278400
"315392",1429574400
"315393",1423699200
"315394",1421712000
"315395",1426550400
"315396",1416614400
"315397",1422316800
"315450",1417392000
"315460",1424649600
"315660",1418601600
"315840",1424131200
"315880",1426550400
"316070",1418169600
"316080",1427155200
"316160",1415059200
"316240",1424822400
"244160",1422144000
"316390",1419897600
"316410",1427155200
"316430",1416528000
"316590",1431043200
"316610",1424304000
"316790",1421884800
"316920",1415232000
"316930",1417651200
"244770",1417651200
"316960",1418342400
"316962",1427846400
"316963",1421020800
"316967",1425945600
"244910",1432512000
"317040",1418169600
"317100",1423180800
"245177",1429315200
"317400",1419897600
"317460",1414713600
"317461",1414713600
"317462",1414713600
"317530",1416355200
"317620",1414800000
"317750",1414713600
"317770",1417824000
"317790",1417996800
"317820",1424995200
"317840",1417651200
"330000",1421884800
"330030",1414627200
"330070",1423094400
"330110",1428537600
"330130",1417651200
"330160",1425945600
"330180",1422489600
"330210",1423699200
"330230",1416960000
"330240",1416960000
"330260",1415923200
"330270",1425600000
"330350",1416355200
"330360",1418256000
"330361",1418256000
"330362",1418256000
"330363",1418256000
"330370",1423440000
"330420",1414972800
"330450",1419206400
"330460",1416528000
"330470",1415664000
"330491",1414627200
"330510",1416009600
"330511",1416009600
"330520",1414627200
"330570",1419811200
"330580",1431907200
"330620",1416268800
"330630",1414713600
"330631",1414713600
"330650",1416009600
"330660",1426809600
"330670",1425945600
"330680",1416182400
"330690",1415232000
"330700",1414713600
"330710",1415145600
"330720",1416268800
"330730",1416528000
"330750",1414972800
"330760",1424390400
"330770",1416873600
"330800",1414972800
"330810",1414627200
"330830",1415836800
"330840",1416441600
"330860",1414713600
"330990",1416960000
"318020",1431043200
"318060",1414972800
"318072",1417046400
"318073",1416960000
"318077",1416960000
"318130",1426204800
"318230",1417651200
"318260",1419897600
"246110",1415664000
"318300",1424736000
"318330",1417737600
"318340",1417737600
"318390",1418688000
"318410",1417478400
"318411",1422316800
"318412",1416268800
"318414",1418083200
"318420",1424736000
"318480",1424649600
"318490",1427846400
"318520",1417564800
"318560",1429660800
"318591",1420502400
"318650",1418256000
"318690",1417392000
"318790",1426118400
"318791",1425340800
"318792",1430352000
"318850",1427241600
"318860",1415923200
"318870",1421107200
"318871",1421107200
"318872",1421107200
"318873",1418169600
"318874",1421107200
"318875",1422921600
"318970",1425340800
"102220",1417651200
"331000",1414627200
"331060",1421280000
"331061",1421280000
"331062",1421280000
"331063",1421280000
"331064",1421280000
"331065",1421280000
"331066",1421280000
"331067",1421280000
"331068",1421280000
"331069",1421280000
"331070",1421280000
"331071",1421280000
"331072",1421280000
"331103",1421366400
"331104",1421452800
"331105",1421452800
"331106",1421452800
"331107",1421452800
"331108",1421452800
"331120",1416528000
"331130",1415836800
"331160",1424736000
"331180",1429833600
"331181",1429833600
"331200",1415750400
"331220",1417392000
"331230",1416960000
"331240",1418256000
"331250",1416960000
"331260",1416960000
"331270",1414713600
"331290",1415664000
"331300",1419206400
"331310",1414972800
"331330",1427760000
"331340",1421366400
"331350",1418688000
"331351",1418688000
"331352",1418688000
"331353",1418688000
"331354",1418688000
"331355",1418688000
"331356",1418688000
"331357",1418688000
"331358",1418688000
"331380",1416182400
"331390",1414972800
"331400",1416268800
"331440",1416268800
"331450",1424736000
"331460",1427068800
"331470",1416268800
"331490",1415059200
"331491",1414972800
"331492",1414972800
"102810",1418256000
"331500",1425513600
"331510",1415232000
"331520",1421366400
"331550",1415318400
"331560",1417478400
"331570",1432598400
"331580",1416355200
"331600",1427673600
"331610",1418688000
"331620",1415750400
"331650",1417651200
"331660",1415318400
"331670",1416960000
"331710",1415404800
"331720",1415664000
"331740",1416268800
"331750",1424736000
"331760",1421107200
"331790",1422921600
"331800",1416355200
"331880",1429228800
"331890",1416873600
"331891",1415232000
"331892",1416873600
"331900",1415836800
"331910",1417132800
"331920",1415923200
"331930",1423180800
"331960",1415145600
"331970",1424736000
"331980",1418256000
"319000",1422576000
"319010",1422576000
"319011",1422576000
"319013",1422576000
"319014",1422576000
"319015",1422576000
"319016",1422576000
"319017",1421798400
"319018",1422576000
"319050",1417392000
"319140",1417651200
"319210",1416528000
"319240",1424044800
"319290",1416009600
"319450",1415059200
"319470",1432512000
"319740",1421366400
"319780",1429228800
"319810",1425427200
"319910",1429142400
"332000",1415232000
"332001",1415145600
"332010",1415232000
"332011",1415145600
"332020",1415145600
"332030",1415664000
"332070",1417651200
"332120",1418774400
"332130",1416441600
"332150",1416787200
"332190",1418860800
"332191",1418860800
"332200",1429315200
"332210",1415232000
"332240",1416787200
"332250",1420761600
"332260",1424736000
"332290",1420848000
"332291",1420848000
"332292",1420848000
"332293",1420848000
"332300",1415318400
"332340",1415923200
"332350",1428451200
"332360",1415923200
"332380",1428278400
"332390",1427932800
"332410",1429056000
"332420",1415664000
"332430",1416873600
"332460",1415664000
"332470",1415318400
"332480",1415664000
"332490",1416268800
"332500",1415664000
"332540",1416182400
"332570",1416528000
"332580",1421107200
"260410",1414972800
"260430",1424217600
"332610",1431993600
"332630",1421884800
"332710",1416528000
"332730",1422921600
"332750",1416182400
"332760",1424822400
"332780",1418601600
"332790",1422921600
"332800",1415664000
"332810",1416787200
"332830",1418083200
"332880",1427932800
"332890",1415664000
"332970",1429228800
"333030",1416528000
"333040",1416873600
"333050",1416614400
"333051",1416528000
"333052",1416528000
"333060",1416528000
"333070",1416528000
"333071",1416528000
"333080",1421280000
"333081",1421280000
"333082",1421280000
"333083",1421280000
"333084",1421280000
"333087",1421280000
"333088",1421280000
"333090",1423180800
"333091",1420848000
"333110",1426204800
"333120",1416182400
"333130",1418947200
"333140",1418169600
"333150",1418860800
"333160",1418774400
"333170",1418774400
"333180",1421884800
"333181",1421884800
"333182",1421884800
"333190",1421884800
"333191",1421884800
"333192",1421884800
"333193",1421884800
"333200",1418774400
"333210",1428624000
"333220",1416441600
"333230",1416960000
"333250",1421971200
"333260",1417478400
"333270",1416009600
"333310",1416182400
"333320",1415923200
"333330",1421107200
"333350",1422489600
"333380",1419206400
"333390",1420761600
"333400",1418169600
"333430",1417737600
"333460",1418342400
"333500",1416614400
"333510",1424131200
"333520",1416182400
"333530",1423526400
"333540",1416873600
"333560",1422230400
"333580",1428969600
"333600",1417651200
"333650",1424044800
"333660",1419897600
"333670",1416182400
"333680",1417737600
"333690",1431043200
"333700",1416873600
"333710",1421280000
"333720",1417651200
"333730",1422230400
"333740",1426550400
"261570",1425081600
"333760",1419984000
"333780",1423526400
"333790",1416873600
"333800",1425340800
"333820",1425600000
"333850",1416355200
"333860",1421625600
"333870",1416873600
"333880",1417564800
"333890",1418860800
"333891",1418947200
"333892",1418860800
"333900",1416268800
"333910",1418860800
"333920",1418860800
"333921",1418860800
"333930",1420502400
"333950",1422403200
"333970",1424131200
"333980",1431561600
"334010",1416441600
"334030",1428451200
"334040",1421107200
"334050",1416355200
"334060",1416355200
"334070",1421366400
"334080",1417132800
"334090",1418774400
"334110",1418860800
"334111",1418860800
"334112",1418860800
"334113",1418860800
"334120",1425081600
"334140",1418083200
"334150",1418860800
"334160",1418860800
"334161",1418860800
"334180",1418860800
"334190",1417478400
"334220",1421280000
"334221",1421280000
"334230",1418601600
"262060",1419292800
"334270",1418774400
"334290",1418688000
"334300",1418947200
"334330",1416441600
"334340",1425513600
"262190",1422489600
"334380",1416528000
"334390",1425340800
"334400",1417132800
"262230",1424649600
"334401",1417132800
"334402",1417132800
"334420",1427241600
"334430",1416873600
"334440",1418860800
"334441",1418860800
"334442",1418860800
"334450",1418860800
"334470",1420761600
"334480",1423526400
"334490",1425859200
"334510",1416960000
"334520",1416960000
"334530",1416960000
"334560",1428278400
"334580",1418083200
"334590",1417996800
"334600",1417996800
"334620",1422316800
"334660",1416528000
"334690",1421020800
"334710",1416873600
"334740",1420588800
"262630",1423180800
"334810",1418169600
"334840",1421884800
"334850",1427241600
"334860",1416787200
"334930",1420070400
"334960",1424390400
"334970",1417392000
"334980",1419379200
"334990",1416960000
"262960",1422316800
"335000",1423440000
"335010",1423440000
"335020",1416787200
"335030",1427241600
"335050",1418774400
"335060",1417046400
"335070",1425513600
"335080",1421798400
"335090",1420502400
"335100",1419292800
"335120",1418083200
"335150",1420848000
"335170",1417564800
"335180",1417651200
"335200",1426636800
"335210",1417392000
"335220",1421280000
"335240",1421884800
"335250",1430352000
"335260",1418860800
"335290",1418256000
"335300",1427932800
"335320",1417824000
"335330",1423612800
"335350",1416960000
"335370",1417132800
"335410",1417392000
"335420",1420761600
"335430",1418428800
"335440",1417651200
"335450",1431475200
"335460",1431475200
"335473",1421366400
"335474",1421366400
"335475",1421366400
"335476",1421366400
"335477",1421366400
"335478",1421366400
"335510",1418169600
"335520",1418774400
"335550",1422835200
"335560",1429574400
"335570",1418688000
"335580",1418169600
"335610",1432166400
"335611",1432166400
"335640",1418601600
"335660",1422403200
"335670",1417737600
"335680",1422576000
"335690",1420675200
"335740",1417737600
"335770",1417996800
"335790",1418083200
"335800",1427846400
"335810",1417564800
"335830",1418169600
"335840",1422489600
"335850",1425859200
"335880",1417824000
"335890",1417737600
"335900",1417996800
"335920",1422403200
"335930",1421625600
"335940",1420848000
"335970",1420675200
"335981",1419206400
"335982",1419206400
"335990",1420588800
"335991",1420588800
"336010",1417478400
"336020",1421193600
"336040",1420675200
"336050",1418860800
"336060",1423785600
"336080",1424822400
"336090",1418688000
"336100",1418947200
"336110",1425945600
"336150",1430956800
"336170",1417478400
"336180",1417478400
"336200",1423526400
"336260",1420502400
"336270",1425945600
"336280",1418688000
"336300",1418342400
"336310",1417737600
"336320",1418169600
"336370",1418256000
"336380",1419984000
"336420",1424822400
"336460",1422489600
"336530",1425945600
"336610",1418860800
"336620",1418169600
"336630",1417737600
"336650",1418169600
"336660",1418688000
"336670",1423008000
"336700",1418860800
"336710",1421107200
"336730",1421107200
"336760",1418688000
"336770",1419984000
"336780",1421625600
"336790",1426032000
"336810",1423699200
"336840",1428019200
"336850",1418774400
"336851",1418774400
"336860",1418256000
"336870",1418256000
"336930",1418342400
"264840",1421280000
"264841",1421280000
"337000",1428451200
"337040",1418083200
"337050",1417737600
"337070",1418774400
"337110",1424649600
"337120",1422316800
"337150",1418860800
"337180",1427241600
"337220",1421798400
"337270",1420502400
"337280",1423180800
"337310",1418256000
"265140",1415145600
"265146",1415145600
"337380",1418428800
"337400",1418256000
"337410",1419379200
"337420",1418342400
"337430",1418342400
"337450",1418688000
"337630",1426550400
"337640",1426550400
"337660",1418688000
"337661",1418688000
"337670",1426723200
"337680",1425340800
"337690",1418774400
"337710",1418601600
"337730",1426550400
"337740",1424736000
"337750",1422316800
"337760",1421884800
"337820",1419379200
"337840",1431388800
"337850",1420675200
"337870",1418860800
"337871",1418860800
"337872",1418860800
"337880",1419206400
"337900",1423180800
"337901",1423180800
"337902",1423180800
"337910",1418860800
"337930",1419379200
"337940",1421193600
"337960",1421107200
"337970",1427846400
"337980",1424649600
"350000",1431302400
"350010",1424304000
"350020",1430179200
"350060",1423785600
"350070",1426809600
"350080",1426032000
"350090",1432252800
"350130",1424217600
"350220",1426204800
"350230",1423699200
"350260",1427414400
"350330",1424044800
"350400",1429747200
"350410",1430438400
"350412",1430784000
"350413",1429574400
"350414",1428364800
"350415",1427760000
"350420",1432598400
"350460",1429315200
"350490",1428624000
"350500",1424131200
"350510",1424044800
"350520",1423699200
"350530",1431129600
"350540",1430438400
"350560",1427414400
"350620",1430697600
"350630",1424822400
"350660",1430092800
"350680",1430352000
"350700",1428019200
"350720",1424131200
"350730",1425254400
"350750",1424995200
"350810",1426464000
"350840",1424044800
"350870",1423872000
"350910",1431993600
"338000",1421366400
"338010",1419811200
"338030",1418774400
"338050",1421193600
"338060",1420761600
"338070",1420761600
"338080",1420761600
"338090",1420761600
"338100",1420761600
"338110",1421020800
"338140",1421971200
"338160",1424908800
"338161",1424908800
"338162",1424908800
"338170",1421452800
"338180",1431561600
"338190",1422230400
"338200",1422835200
"338201",1422835200
"338202",1422835200
"338230",1418774400
"338240",1418774400
"338250",1423008000
"338260",1422576000
"338300",1424736000
"338320",1421625600
"266150",1416873600
"338340",1426636800
"338360",1425859200
"338370",1430179200
"338371",1424476800
"338372",1427241600
"338420",1431648000
"338440",1418860800
"338453",1425859200
"338470",1421107200
"338480",1419379200
"338490",1418688000
"266310",1423699200
"338510",1418860800
"338511",1418860800
"338512",1419379200
"338513",1419379200
"338514",1419379200
"338515",1419379200
"338516",1419379200
"338518",1421193600
"338520",1421193600
"338521",1421193600
"338522",1421193600
"338523",1421193600
"338524",1421193600
"338525",1424390400
"338540",1424131200
"338550",1423180800
"338580",1422230400
"338590",1420156800
"266410",1421020800
"338620",1421107200
"338650",1423612800
"338661",1423612800
"338680",1418860800
"338710",1420588800
"338720",1421280000
"338721",1421280000
"338722",1421280000
"338723",1421280000
"338741",1427760000
"338743",1427760000
"338744",1427760000
"338745",1427760000
"338746",1427760000
"338770",1419206400
"338800",1423094400
"338810",1428969600
"338830",1419897600
"338840",1419292800
"338882",1423612800
"338890",1422489600
"338900",1418860800
"338960",1423699200
"338980",1424908800
"266980",1416960000
"351020",1424131200
"351040",1427760000
"351060",1425340800
"351070",1424649600
"351080",1427241600
"351090",1431907200
"351140",1426636800
"351150",1426636800
"351170",1425600000
"351220",1428278400
"351230",1429574400
"351240",1427068800
"351270",1425600000
"351280",1425600000
"351290",1429142400
"351340",1424736000
"351390",1428969600
"351400",1427673600
"351420",1424044800
"351430",1425254400
"351450",1432252800
"351460",1425427200
"351461",1425427200
"351470",1424995200
"351490",1431475200
"351540",1427673600
"351555",1432080000
"351556",1429660800
"351570",1424304000
"351584",1426723200
"351590",1427328000
"351591",1427328000
"351650",1426118400
"351660",1428364800
"351670",1424390400
"351671",1424390400
"351672",1424390400
"351673",1424390400
"351674",1424476800
"351675",1424390400
"351676",1424476800
"351680",1424995200
"351730",1424649600
"351740",1424908800
"351790",1425254400
"351800",1432166400
"351810",1430438400
"351820",1430438400
"351840",1427673600
"351860",1427328000
"351870",1427328000
"351890",1424908800
"351900",1425254400
"351930",1427760000
"351990",1430784000
"339000",1418860800
"339030",1425945600
"339031",1425945600
"339032",1425945600
"339033",1425945600
"339034",1425945600
"339040",1424736000
"339070",1418774400
"339080",1418860800
"339120",1418860800
"339130",1424131200
"339160",1424649600
"339190",1427155200
"339200",1424304000
"339210",1429660800
"339240",1421884800
"339280",1428537600
"339290",1418860800
"339330",1419379200
"339350",1418947200
"339360",1418947200
"339380",1421798400
"339381",1422403200
"339382",1423008000
"339383",1423612800
"339384",1426550400
"339385",1427155200
"339386",1427760000
"339387",1428364800
"339388",1428969600
"339389",1432166400
"339390",1431388800
"339391",1431043200
"339400",1426809600
"339410",1424476800
"339430",1428451200
"339460",1426032000
"339470",1419206400
"339480",1421884800
"339490",1419292800
"339500",1420761600
"339510",1419206400
"339520",1419206400
"339530",1422316800
"339540",1425600000
"339550",1424217600
"339570",1422921600
"339610",1427760000
"339620",1419206400
"339630",1423440000
"339690",1426118400
"339700",1428278400
"339750",1419379200
"339770",1422057600
"339790",1425254400
"339800",1421107200
"339820",1419292800
"339840",1427414400
"339850",1428019200
"339860",1419897600
"339870",1419897600
"339890",1419552000
"339900",1422230400
"267778",1425600000
"267780",1425600000
"339960",1422057600
"339961",1422057600
"267830",1427155200
"352000",1427328000
"352010",1425427200
"352021",1426550400
"352030",1424995200
"352070",1432598400
"352080",1429315200
"352111",1427068800
"352120",1429747200
"352130",1432166400
"352140",1428537600
"352190",1426032000
"352230",1425340800
"352280",1426550400
"352290",1429660800
"352320",1426550400
"352321",1426550400
"352322",1426550400
"352323",1426550400
"352324",1426550400
"352325",1426550400
"352326",1426550400
"352327",1426550400
"352328",1426550400
"352329",1426550400
"352330",1426550400
"352331",1426550400
"352332",1426550400
"352333",1426550400
"352334",1426550400
"352335",1426550400
"352337",1426550400
"352338",1426550400
"352339",1426550400
"352340",1426550400
"352341",1426550400
"352342",1426550400
"280180",1427328000
"352430",1425945600
"352490",1424736000
"352520",1432080000
"352540",1424995200
"352590",1425427200
"352610",1427068800
"352620",1431993600
"352640",1429747200
"352680",1426118400
"352710",1425427200
"352730",1428537600
"352740",1428969600
"352780",1427414400
"280600",1423526400
"352850",1429660800
"352950",1431907200
"352960",1431043200
"352980",1428278400
"268080",1418688000
"268320",1424217600
"268340",1429488000
"268870",1417132800
"353000",1425254400
"353020",1424822400
"353050",1426550400
"353051",1426550400
"353052",1426550400
"353053",1426550400
"353060",1424995200
"353070",1426204800
"353090",1426118400
"353110",1426032000
"353140",1425945600
"353240",1424995200
"353260",1430697600
"353280",1425081600
"353300",1424995200
"353320",1425254400
"353330",1431907200
"353340",1427068800
"353360",1424995200
"353370",1425513600
"353380",1425513600
"353390",1425513600
"353400",1425513600
"353410",1425513600
"353420",1425513600
"353430",1425513600
"353440",1425513600
"353450",1425513600
"353460",1425513600
"353470",1425513600
"353480",1425513600
"353490",1425513600
"353500",1425513600
"353510",1425513600
"353520",1425513600
"353530",1425513600
"353550",1429142400
"353560",1425513600
"353570",1431561600
"353571",1431561600
"353590",1425859200
"353600",1426550400
"353610",1426032000
"353620",1426550400
"353630",1432166400
"353640",1430956800
"353740",1425427200
"353741",1425427200
"353742",1425427200
"353760",1426723200
"353761",1429574400
"353770",1432166400
"353790",1425340800
"353820",1430092800
"353830",1431993600
"353850",1425340800
"353930",1425427200
"353940",1431043200
"353970",1428364800
"353980",1432166400
"281940",1422316800
"269530",1416355200
"269670",1422489600
"354050",1428278400
"354110",1426118400
"354140",1425340800
"354170",1426896000
"354171",1426896000
"354180",1428364800
"354190",1430956800
"354230",1427932800
"354240",1427155200
"354260",1430179200
"354300",1426118400
"354310",1427328000
"354320",1427068800
"354350",1427414400
"354380",1427760000
"282201",1418428800
"282210",1425427200
"354425",1431388800
"354430",1430179200
"354500",1426032000
"282370",1416960000
"354570",1427587200
"354600",1429747200
"354650",1432512000
"354680",1427932800
"354690",1427760000
"282513",1417478400
"282514",1421107200
"282515",1423526400
"282516",1424995200
"354700",1426118400
"354701",1429747200
"354702",1426118400
"354710",1429574400
"354720",1428969600
"354730",1427241600
"282560",1425513600
"354770",1427932800
"282640",1421193600
"354820",1431302400
"354850",1425945600
"354860",1430352000
"354870",1426896000
"354890",1430784000
"354930",1429056000
"354940",1425600000
"354950",1430092800
"354960",1426464000
"354970",1426464000
"282900",1421798400
"282960",1416355200
"355050",1427932800
"355060",1425945600
"355070",1427155200
"355080",1427068800
"355090",1429660800
"355100",1430697600
"355130",1431907200
"355140",1429142400
"355150",1426550400
"355200",1428710400
"355201",1428710400
"355202",1428710400
"355203",1428710400
"355204",1428710400
"355205",1428710400
"355206",1428710400
"355207",1428710400
"355208",1428710400
"355209",1428710400
"355210",1428710400
"355250",1430179200
"283080",1417392000
"355260",1429747200
"355262",1430352000
"355270",1425945600
"355290",1425945600
"355300",1425945600
"355320",1425859200
"355340",1429574400
"355341",1430265600
"355360",1428278400
"355380",1428278400
"355410",1426204800
"355420",1427328000
"355430",1426204800
"355520",1426118400
"355530",1429833600
"355550",1426550400
"355570",1426723200
"355590",1426204800
"355640",1430956800
"355650",1426464000
"355660",1426636800
"355730",1427328000
"355760",1426118400
"355770",1427846400
"355830",1428019200
"355840",1427760000
"355860",1432252800
"355870",1426809600
"355880",1428364800
"355890",1425945600
"355970",1429660800
"355980",1426550400
"355990",1426550400
"283820",1418083200
"283840",1418083200
"356000",1426204800
"356010",1426204800
"356070",1428451200
"356090",1431475200
"356110",1430697600
"356120",1426809600
"356121",1427155200
"356122",1427932800
"356123",1427328000
"356124",1431043200
"356140",1428537600
"356160",1428105600
"356170",1429142400
"356210",1430956800
"356230",1430438400
"356231",1430438400
"284080",1422921600
"356260",1427241600
"356270",1427241600
"356280",1427241600
"356290",1427241600
"356310",1430352000
"356350",1429488000
"356380",1426723200
"356420",1431043200
"356430",1426550400
"356440",1427328000
"356510",1432598400
"356530",1427760000
"356540",1432598400
"356590",1426550400
"356591",1426550400
"356592",1426550400
"356593",1426550400
"284440",1418774400
"356640",1432252800
"356650",1430784000
"356670",1429660800
"356710",1427328000
"356741",1432598400
"356770",1427932800
"356780",1430784000
"356790",1429747200
"356800",1428624000
"356810",1428624000
"284680",1426550400
"356860",1428278400
"356880",1426550400
"356940",1427673600
"356970",1428624000
"284810",1421971200
"284910",1423699200
"357040",1428019200
"357060",1426636800
"357070",1427155200
"357080",1428537600
"357110",1428451200
"357160",1427328000
"357161",1427328000
"357162",1427328000
"357163",1427328000
"357170",1427155200
"357171",1427155200
"357200",1429056000
"357240",1426809600
"357250",1432512000
"357260",1430438400
"357261",1430438400
"357262",1430438400
"357280",1431043200
"357290",1427241600
"357300",1429488000
"357320",1430265600
"357330",1428278400
"357360",1430265600
"357370",1427760000
"357380",1429833600
"357400",1430956800
"357410",1431648000
"357440",1427673600
"357450",1426723200
"357460",1428278400
"357470",1427241600
"357600",1427328000
"357650",1426809600
"357660",1427155200
"357670",1432252800
"357710",1430352000
"357711",1430352000
"357720",1430438400
"357730",1429228800
"357770",1427673600
"357780",1428624000
"357790",1432598400
"357800",1427328000
"357820",1429142400
"357830",1427241600
"357840",1429228800
"357850",1429056000
"357890",1427500800
"357900",1427328000
"285730",1415145600
"357910",1427155200
"285740",1424217600
"357920",1432080000
"357930",1427846400
"357940",1429056000
"357980",1429574400
"370000",1431993600
"370001",1431993600
"370040",1432598400
"370070",1431302400
"370080",1431561600
"370100",1431388800
"370150",1431734400
"370190",1431302400
"370230",1431302400
"370300",1431907200
"370310",1431388800
"370400",1432166400
"370401",1431907200
"370402",1432166400
"370500",1431388800
"370520",1431648000
"370530",1432252800
"370550",1432512000
"370570",1432339200
"370580",1431561600
"370640",1432080000
"370720",1431475200
"370930",1432080000
"370931",1432080000
"370960",1432166400
"370970",1432166400
"358000",1429747200
"358010",1428019200
"358020",1429833600
"358070",1429574400
"358090",1432512000
"358110",1429660800
"358130",1430870400
"358140",1427673600
"358141",1427673600
"358142",1428451200
"358143",1428451200
"358150",1427328000
"358170",1430697600
"358180",1430697600
"358190",1430697600
"358200",1430697600
"358210",1430697600
"358220",1430697600
"358230",1430697600
"358240",1430697600
"358250",1430697600
"358260",1430697600
"358270",1430697600
"358280",1430697600
"358290",1430697600
"358300",1430697600
"358310",1430697600
"358320",1430697600
"358330",1430697600
"358340",1430697600
"358350",1430697600
"358360",1430697600
"358370",1430697600
"358380",1430697600
"358390",1430697600
"358400",1430697600
"358410",1430697600
"286240",1417478400
"358420",1430697600
"358430",1430697600
"358440",1430697600
"286280",1425513600
"358480",1427760000
"358610",1427068800
"358620",1427068800
"358700",1427155200
"286570",1427414400
"358770",1427328000
"358800",1432598400
"358820",1427932800
"358850",1427846400
"358870",1428624000
"358910",1427328000
"358950",1429056000
"358960",1429747200
"358970",1427241600
"286991",1415145600
"214130",1414627200
"371070",1432252800
"371100",1431907200
"371110",1432598400
"371130",1431561600
"371160",1432080000
"371170",1432080000
"371190",1431993600
"371230",1432598400
"371270",1432598400
"371330",1431907200
"371370",1431734400
"371390",1432598400
"371400",1431561600
"371420",1432080000
"371440",1431993600
"371500",1431648000
"371530",1432080000
"371550",1432080000
"371600",1432252800
"371710",1431734400
"371740",1431993600
"371790",1432512000
"371800",1431561600
"371890",1431907200
"371900",1432166400
"371960",1432252800
"359040",1430352000
"359070",1427155200
"359080",1427414400
"359090",1427846400
"359110",1427068800
"359120",1427155200
"359130",1430870400
"359180",1427760000
"359190",1429488000
"359220",1429228800
"359260",1431648000
"359280",1431043200
"359290",1427414400
"359300",1429660800
"287140",1428364800
"359320",1427932800
"359370",1429228800
"359400",1431388800
"359410",1427587200
"359440",1432598400
"359480",1431388800
"359500",1429142400
"359520",1427932800
"359521",1427932800
"359522",1431388800
"359540",1427932800
"359550",1427673600
"359560",1427328000
"359580",1427328000
"359590",1429142400
"359630",1431043200
"359650",1431043200
"359670",1429660800
"359760",1430092800
"359780",1432080000
"359800",1427932800
"359810",1427760000
"359850",1430697600
"287680",1415836800
"359890",1430265600
"359900",1431302400
"359920",1427414400
"359930",1432598400
"359950",1427932800
"287960",1430870400
"372020",1431993600
"372070",1431648000
"372100",1431648000
"372170",1431648000
"372180",1432080000
"372280",1432339200
"372390",1432166400
"372400",1431648000
"372480",1432598400
"372520",1432166400
"372550",1431648000
"372580",1431993600
"372670",1431907200
"372700",1431907200
"372730",1432598400
"372770",1432598400
"372860",1432512000
"372870",1432080000
"372890",1432252800
"372930",1432252800
"300080",1417564800
"288140",1421280000
"300120",1426550400
"300200",1422576000
"300340",1421971200
"300570",1421625600
"288670",1416355200
"300620",1416960000
"300640",1418947200
"300840",1417824000
"288930",1424304000
"288940",1429142400
"300960",1421884800
"216438",1414627200
"373090",1432598400
"216670",1418256000
"373110",1432252800
"373140",1432598400
"373190",1432166400
"373220",1432166400
"373250",1431993600
"373280",1432598400
"373290",1432598400
"373440",1432598400
"373711",1432339200
"373780",1432598400
"373960",1432598400
"301120",1427328000
"301210",1432252800
"289550",1418256000
"301560",1422921600
"301640",1420675200
"289780",1425513600
"301780",1414627200
"289880",1418688000
"289881",1418688000
"289910",1418083200
"301920",1419811200
"374160",1432598400
"374220",1432598400
"302010",1416268800
"302020",1432252800
"302030",1432252800
"230290",1419465600
"302570",1418688000
"302830",1418947200
"34200",1420502400
"303260",1418169600
"303550",1426464000
"303690",1415750400
"303800",1416787200
"303820",1414800000
"303830",1417046400
"303910",1415059200
"219070",1416441600
"304010",1417046400
"304030",1427328000
"304212",1430265600
"304380",1415059200
"304540",1421107200
"304710",1430179200
"304910",1420675200
"304950",1430697600
"36100",1414627200
"305380",1427414400
"305460",1424908800
"305500",1426464000
"305660",1422403200
"305740",1415232000
"233610",1417478400
"305800",1418083200
"305880",1415664000
"305940",1419379200
"306020",1416355200
"306100",1426896000
"234000",1414627200
"306340",1421625600
"306370",1414713600
"306390",1429142400
"306395",1420675200
"306397",1423699200
"306398",1415232000
"306399",1427328000
"306440",1422489600
"306610",1419033600
"306670",1429747200
"306930",1420675200
"38230",1427414400
"307030",1421712000
"307210",1425254400
"307230",1417392000
"307430",1426032000
"235380",1430352000
"307580",1430265600
"307590",1430784000
"307600",1424131200
"235540",1426550400
"307780",1422921600
"307880",1421280000
"320090",1431043200
"320140",1427068800
"320150",1415232000
"320300",1429747200
"320350",1426032000
"320351",1426636800
"320352",1426636800
"320353",1426636800
"320360",1424822400
"320361",1424822400
"320362",1424822400
"320363",1424822400
"320364",1424822400
"320370",1424822400
"320371",1424822400
"320372",1424822400
"320380",1424822400
"320381",1424822400
"320382",1424822400
"320383",1424822400
"320384",1424822400
"320385",1424822400
"320386",1424822400
"320387",1424822400
"320388",1424822400
"320400",1417392000
"320430",1418688000
"320520",1424131200
"320540",1423526400
"320590",1418688000
"320610",1418860800
"320670",1414627200
"320760",1423699200
"320820",1423785600
"320830",1417651200
"320860",1423008000
"320986",1424736000
"320987",1424736000
"320988",1424736000
"320989",1424736000
"308172",1417651200
"236110",1416614400
"308440",1421020800
"308520",1427241600
"308560",1427068800
"236690",1427414400
"321010",1416873600
"321040",1427846400
"321070",1415923200
"321080",1415318400
"321100",1420848000
"321140",1432080000
"321141",1432080000
"321142",1431993600
"321250",1430870400
"321260",1415750400
"321280",1415923200
"321300",1415836800
"321380",1430438400
"321430",1422316800
"321450",1427241600
"321490",1416441600
"321540",1418256000
"321660",1417132800
"321860",1416528000
"321880",1421452800
"321890",1423872000
"321950",1418083200
"321960",1428537600
"321990",1420502400
"237550",1421280000
"322020",1418256000
"322021",1418256000
"322022",1418256000
"322030",1423094400
"322110",1416873600
"322140",1432166400
"322141",1432252800
"322150",1427414400
"322151",1427414400
"322152",1427414400
"322153",1427414400
"322170",1419206400
"322210",1428364800
"250070",1421366400
"322290",1424217600
"322300",1419206400
"322330",1418601600
"322410",1417132800
"322480",1414972800
"250310",1415664000
"322510",1416960000
"322520",1424995200
"322540",1423180800
"322550",1424736000
"322610",1414627200
"322670",1414627200
"322700",1431907200
"250580",1423785600
"322900",1420761600
"322910",1428537600
"322920",1418169600
"322930",1415232000
"322970",1432166400
"238340",1427155200
"323000",1416441600
"323020",1422057600
"323220",1418774400
"323230",1416268800
"323240",1415318400
"251130",1428969600
"323320",1421884800
"323340",1424822400
"323341",1424822400
"323380",1431475200
"323420",1416960000
"323450",1419206400
"323630",1418688000
"323650",1425081600
"323670",1430438400
"323720",1423612800
"323770",1415664000
"323780",1416787200
"323900",1428537600
"324050",1430438400
"324070",1417132800
"324080",1417392000
"324130",1415318400
"324140",1429228800
"324240",1418601600
"324250",1415318400
"324260",1422230400
"324270",1430438400
"324300",1430179200
"324331",1417132800
"324332",1421712000
"324342",1422316800
"324343",1423699200
"324344",1426032000
"324350",1424217600
"324351",1424217600
"324352",1424217600
"324360",1422835200
"324420",1415145600
"324450",1418256000
"324510",1415318400
"324570",1429142400
"252450",1427932800
"324710",1421971200
"324750",1415923200
"324790",1414627200
"324810",1421366400
"324910",1432425600
"324912",1424908800
"324913",1414627200
"325060",1424304000
"325080",1417392000
"325100",1414972800
"325120",1426118400
"325130",1416787200
"325131",1420416000
"325132",1421193600
"325135",1418860800
"325136",1417046400
"325137",1416441600
"325138",1420416000
"325139",1415232000
"325150",1418342400
"325180",1416268800
"325330",1428451200
"253190",1427414400
"253290",1415232000
"325470",1417651200
"325490",1417651200
"325520",1417651200
"253390",1423785600
"325600",1423699200
"325660",1418342400
"253530",1427068800
"325723",1431993600
"325790",1426723200
"325870",1418342400
"325880",1421107200
"326060",1425427200
"326120",1430092800
"326160",1415836800
"326190",1418860800
"326210",1415145600
"326310",1432598400
"326350",1417478400
"326380",1423785600
"326440",1415923200
"326460",1425945600
"326470",1415059200
"326480",1416268800
"326510",1430438400
"326590",1416009600
"326621",1430870400
"326622",1430870400
"326623",1430870400
"326624",1430870400
"326630",1416268800
"326650",1423526400
"326670",1418342400
"326720",1416787200
"326730",1415923200
"327010",1416355200
"327060",1431993600
"327090",1429228800
"327100",1418256000
"327130",1424304000
"327170",1415750400
"327171",1415750400
"327172",1415750400
"327173",1418774400
"327174",1421798400
"327175",1418083200
"327176",1425340800
"327177",1424131200
"327191",1422230400
"327200",1424390400
"327230",1416268800
"327280",1417651200
"327310",1415232000
"327370",1416787200
"327410",1414627200
"327440",1414713600
"327450",1429315200
"327470",1424736000
"327490",1417392000
"327500",1427932800
"327520",1425081600
"327610",1415318400
"327640",1421712000
"327670",1424649600
"327770",1421280000
"327830",1414627200
"327831",1414627200
"327840",1417651200
"327880",1424908800
"327890",1416960000
"327960",1418601600
"327980",1428019200
"340010",1426291200
"340030",1420070400
"340050",1421712000
"340070",1422230400
"340080",1425254400
"340090",1431993600
"340110",1419897600
"340120",1423094400
"340130",1424390400
"340150",1430352000
"340200",1421193600
"340210",1423008000
"340220",1420156800
"340230",1424217600
"340231",1424217600
"340232",1424217600
"340233",1424217600
"340280",1420588800
"340290",1420156800
"340300",1420675200
"340310",1421366400
"340330",1421020800
"340340",1428624000
"340350",1431388800
"340360",1421107200
"340380",1422489600
"340390",1423267200
"340400",1420675200
"340410",1424649600
"340440",1421366400
"340450",1422921600
"340460",1420502400
"340470",1424304000
"340480",1421366400
"340490",1428019200
"340520",1422316800
"340540",1425859200
"340550",1419984000
"340570",1420156800
"340580",1427068800
"340600",1419984000
"340610",1424476800
"340630",1420416000
"340650",1421020800
"340661",1432512000
"340670",1432512000
"340720",1422576000
"340730",1421020800
"340740",1419984000
"340750",1420588800
"340800",1420761600
"340810",1429488000
"340820",1421625600
"340860",1427068800
"340880",1420502400
"340890",1420761600
"340920",1423094400
"340950",1423440000
"340970",1431993600
"340990",1424736000
"328060",1423699200
"328070",1415145600
"328100",1414972800
"328110",1426204800
"328140",1414627200
"328170",1415232000
"328171",1415232000
"328220",1429228800
"328230",1415318400
"328260",1417046400
"328270",1416182400
"328280",1415145600
"328290",1415145600
"328310",1414627200
"328390",1416960000
"328480",1419292800
"328500",1415836800
"328530",1414713600
"328580",1418083200
"328600",1414713600
"328640",1416182400
"328650",1429056000
"328670",1421193600
"328680",1415923200
"328690",1415318400
"328700",1417737600
"328710",1430179200
"328730",1416268800
"328740",1421712000
"328760",1418342400
"328802",1416787200
"328803",1416787200
"328804",1416787200
"328815",1416009600
"328816",1415923200
"328817",1415923200
"328818",1415923200
"328830",1416355200
"328870",1416787200
"328880",1416787200
"328890",1418169600
"328900",1414627200
"328920",1414627200
"328930",1414627200
"328940",1416960000
"328990",1414627200
"341000",1420416000
"341020",1426550400
"341060",1421193600
"341070",1422576000
"341080",1424736000
"341090",1423180800
"341120",1425254400
"341140",1423699200
"341141",1423699200
"341150",1426636800
"341160",1422662400
"341210",1421712000
"341220",1421798400
"341260",1425254400
"341310",1424736000
"341320",1421712000
"341340",1428969600
"341360",1423612800
"341380",1420502400
"341390",1422230400
"341410",1424995200
"341440",1422230400
"341450",1422835200
"341460",1422835200
"341470",1421971200
"341480",1422662400
"341500",1423526400
"341510",1425254400
"341530",1421193600
"341540",1420502400
"341610",1427846400
"341640",1428278400
"341660",1431907200
"341680",1428019200
"341690",1424822400
"341700",1421107200
"341710",1428278400
"341720",1421366400
"341730",1425254400
"341750",1420502400
"341760",1429660800
"341770",1431648000
"341780",1421280000
"341790",1432166400
"341810",1421971200
"341820",1423785600
"341840",1423526400
"341841",1423526400
"341842",1423526400
"341843",1423526400
"341844",1423526400
"341845",1423526400
"341846",1423526400
"341847",1423526400
"341848",1423526400
"341849",1423526400
"341850",1423526400
"341860",1422403200
"341910",1429228800
"341930",1424995200
"341940",1423699200
"341950",1428883200
"341960",1424044800
"341990",1425600000
"329010",1418688000
"329011",1418688000
"329012",1418688000
"329013",1418688000
"329050",1427068800
"329100",1415664000
"329110",1416441600
"329130",1416873600
"329190",1417651200
"329200",1421107200
"329240",1424995200
"329260",1416960000
"329270",1420588800
"329370",1414627200
"329380",1428883200
"329430",1428969600
"257260",1416960000
"329460",1421020800
"329490",1421798400
"329500",1414627200
"329510",1414627200
"329530",1426204800
"329550",1415059200
"329551",1415059200
"329600",1414627200
"329610",1427414400
"329620",1415232000
"329630",1415232000
"329640",1415232000
"329650",1415232000
"329660",1415232000
"329670",1415232000
"329680",1415232000
"329690",1417478400
"329760",1415750400
"329770",1420156800
"329820",1416009600
"329821",1415923200
"329822",1414713600
"329823",1415318400
"329890",1423180800
"329950",1414800000
"329960",1414627200
"329970",1422921600
"329980",1425254400
"342000",1421193600
"342010",1430870400
"342020",1422316800
"342050",1424044800
"342051",1424044800
"342090",1429228800
"342100",1423612800
"342150",1432252800
"342180",1432166400
"342190",1426723200
"342230",1422403200
"342240",1424044800
"342250",1430179200
"342260",1427760000
"342270",1424736000
"342300",1424304000
"342310",1429747200
"342330",1420588800
"342350",1423008000
"342360",1421193600
"342370",1431993600
"342380",1421366400
"342430",1426896000
"342450",1423612800
"342480",1424736000
"342490",1423785600
"342500",1421366400
"342510",1422403200
"342520",1428969600
"270370",1417651200
"342550",1430352000
"342560",1424390400
"342570",1424995200
"342580",1425600000
"342610",1421107200
"342620",1424822400
"342630",1421280000
"342650",1423699200
"342680",1421884800
"342740",1422489600
"342750",1421712000
"342751",1421712000
"342752",1421712000
"342753",1421712000
"342754",1421712000
"342755",1422316800
"342756",1422316800
"342757",1422316800
"342758",1422316800
"342759",1422316800
"342760",1422316800
"342761",1422921600
"342762",1422921600
"342763",1422921600
"342764",1422921600
"342765",1422921600
"342766",1423526400
"342767",1423526400
"342768",1423526400
"342769",1423526400
"342770",1424131200
"342771",1424131200
"342772",1424131200
"342773",1424131200
"342774",1424131200
"342775",1424131200
"342776",1424736000
"342777",1424736000
"342778",1424736000
"342779",1424736000
"342780",1425340800
"342781",1425340800
"342782",1425340800
"342783",1425340800
"342784",1425340800
"342785",1425340800
"342786",1425945600
"342787",1425945600
"342788",1425945600
"342789",1425945600
"342790",1426550400
"342791",1426550400
"342792",1426550400
"342793",1426550400
"342794",1426550400
"342795",1426550400
"342796",1427155200
"342797",1427155200
"342798",1427155200
"342799",1427155200
"342800",1427155200
"342801",1427760000
"342802",1427760000
"342803",1427760000
"342804",1427760000
"342805",1427846400
"342806",1427760000
"342807",1428364800
"342808",1428364800
"342809",1428364800
"342810",1428364800
"342811",1428364800
"342812",1428969600
"342813",1428969600
"342814",1428969600
"342815",1428969600
"342816",1429574400
"342817",1429574400
"342818",1429574400
"342819",1429574400
"342820",1429574400
"342821",1429574400
"342822",1430179200
"342823",1430179200
"342824",1430179200
"342825",1430179200
"342826",1430870400
"342827",1430870400
"342828",1430870400
"342829",1430870400
"342830",1430870400
"342831",1430784000
"342832",1431388800
"342833",1431388800
"342834",1431388800
"342835",1431388800
"342836",1431993600
"342837",1431993600
"342838",1431993600
"342839",1431993600
"342840",1431993600
"342841",1431993600
"342842",1432598400
"342843",1432598400
"342844",1432598400
"342860",1421798400
"342870",1425513600
"342880",1421884800
"342890",1425600000
"342970",1426809600
"342980",1423180800
"342990",1427846400
"270810",1427328000
"270830",1414972800
"270870",1422316800
"270871",1422316800
"270942",1416787200
"258160",1421884800
"258402",1416268800
"258403",1416268800
"258404",1416268800
"258405",1416355200
"258406",1416268800
"258407",1416268800
"258641",1416873600
"258642",1424304000
"258663",1420675200
"258668",1421884800
"258671",1417737600
"258674",1417651200
"258679",1421280000
"258800",1415232000
"258910",1420502400
"343000",1428364800
"343020",1422576000
"343070",1426723200
"343100",1422230400
"343120",1421625600
"343140",1424736000
"343170",1426464000
"343180",1426550400
"343250",1422316800
"343270",1421366400
"343280",1424217600
"343290",1421971200
"343300",1423699200
"343320",1422576000
"343330",1424736000
"343340",1429228800
"343360",1422576000
"343370",1422576000
"343380",1422576000
"343390",1428278400
"271240",1423699200
"343420",1424908800
"343421",1425513600
"343422",1426809600
"343423",1427414400
"343424",1427932800
"343425",1428537600
"343426",1429142400
"343430",1422230400
"343440",1432252800
"343460",1424649600
"343461",1426636800
"271332",1429660800
"343510",1422230400
"343570",1426723200
"343580",1422576000
"343600",1426118400
"343610",1426118400
"343611",1426118400
"343612",1426118400
"343613",1426118400
"343614",1426118400
"343615",1426118400
"343630",1423699200
"271479",1418083200
"271480",1418083200
"271481",1418083200
"343710",1432166400
"343720",1421625600
"343740",1421625600
"343750",1422489600
"343760",1421798400
"343770",1425513600
"343780",1421625600
