"appid","query_date","n_reviews","bundles"
"343800","2015-01-26",10,
"343810","2015-01-26",8,
"343820","2015-01-26",9,
"343830","2015-01-26",3,
"343840","2015-02-04",29,
"343930","2015-05-21",3,
"343940","2015-03-13",0,
"343950","2015-01-21",6,
"343951","2015-02-03",3,
"343952","2015-01-28",6,
"343953","2015-05-12",7,
"343955","2015-02-11",15,
"343956","2015-05-13",2,
"343959","2015-04-14",3,
"343970","2015-01-17",0,
"271950","2015-01-09",3,
"271990","2015-01-23",14,
"259410","2014-11-10",79,
"259570","2015-01-30",157,
"344000","2015-04-20",0,
"344030","2015-01-24",6,
"344040","2015-03-18",40,
"344050","2015-02-05",2,
"344060","2015-04-29",1,
"344070","2015-04-28",3,
"344080","2015-04-29",0,
"344090","2015-04-28",0,
"344140","2015-01-22",200,
"344150","2015-02-11",0,
"344160","2015-04-02",19,
"344200","2015-04-22",0,
"344220","2015-02-12",5,
"344230","2015-02-10",16,
"272080","2014-11-05",0,
"272083","2014-11-05",2,
"272084","2014-11-05",0,
"344260","2015-05-26",0,
"272090","2014-11-05",0,
"344270","2015-02-10",4,
"344290","2015-01-29",6,
"344300","2015-02-06",13,
"344340","2015-02-02",47,
"272230","2014-10-30",0,
"344410","2015-01-19",3,
"344450","2015-05-07",267,
"344460","2015-02-06",60,
"344461","2015-03-17",129,
"344462","2015-04-14",64,
"344470","2015-01-16",0,
"344480","2015-05-09",8,
"344490","2015-01-20",1,
"344500","2015-02-19",28,
"344510","2015-01-21",24,
"344530","2015-03-26",0,
"344550","2015-04-17",0,
"344551","2015-04-17",0,
"344630","2015-01-29",57,
"272490","2014-11-17",109,
"344730","2015-02-03",4,
"344750","2015-01-26",38,
"344760","2015-03-02",5086,
"344790","2015-01-30",14,
"344800","2015-03-13",13,
"344810","2015-03-13",20,
"344840","2015-03-04",90,
"344860","2015-01-29",110,
"344880","2015-03-02",26,
"344910","2015-04-03",5,
"344920","2015-02-10",11,
"344960","2015-03-17",8,
"345000","2015-01-29",1,
"345010","2015-02-10",118,
"345030","2015-02-10",4,
"345050","2015-02-28",5,
"345060","2015-03-03",24,
"345080","2015-05-14",0,
"345090","2015-02-03",49,
"345120","2015-03-17",23,
"345130","2015-02-27",6,
"345140","2015-04-02",16,
"345150","2015-01-20",0,
"345170","2015-01-28",0,
"345180","2015-02-05",155,
"345200","2015-02-05",133,
"345220","2015-02-03",20,
"345280","2015-01-26",59,
"345290","2015-01-28",3,
"345300","2015-01-28",1,
"345310","2015-01-28",5,
"345340","2015-04-28",7,
"345370","2015-03-19",109,
"345470","2015-01-28",0,
"345520","2015-03-06",1860,
"345540","2015-02-19",8,
"345555","2015-04-22",0,
"345556","2015-04-22",0,
"345557","2015-04-22",0,
"345558","2015-04-22",0,
"345562","2015-04-22",0,
"345570","2015-02-06",1,
"345580","2015-02-06",152,
"345610","2015-05-14",0,
"345640","2015-02-16",51,
"345650","2015-01-23",1329,
"345660","2015-02-07",365,
"345670","2015-01-23",8,
"345710","2015-02-12",37,
"345740","2015-04-02",44,
"345750","2015-02-09",38,
"345790","2015-01-26",10,
"345800","2015-02-03",8,
"345820","2015-04-22",73,
"345860","2015-01-23",45,
"345870","2015-02-18",27,
"345890","2015-05-22",38,
"345900","2015-03-29",5,
"273750","2014-12-18",60,
"345930","2015-04-02",2,
"273790","2015-04-16",1,
"345980","2015-03-10",183,
"273830","2014-11-04",22,
"273840","2014-12-18",169,
"273850","2014-11-17",20,
"273860","2014-11-25",15,
"346010","2015-01-28",9407,
"346040","2015-03-26",40,
"346060","2015-02-24",1,
"346070","2015-04-22",0,
"346071","2015-04-22",0,
"346080","2015-02-02",21,
"346110","2015-05-11",0,
"346120","2015-02-20",1320,
"346130","2015-04-29",4,
"346140","2015-02-27",11,
"346150","2015-04-06",0,
"346160","2015-02-03",17,
"346170","2015-02-21",15,
"346180","2015-02-12",371,
"346200","2015-02-05",12,
"346210","2015-02-02",21,
"346230","2015-02-20",1,
"346240","2015-01-26",19,
"346250","2015-01-26",1324,
"346270","2015-03-05",129,
"346280","2015-02-27",0,
"346290","2015-02-02",68,
"346310","2015-01-26",0,
"346311","2015-01-26",0,
"346320","2015-01-27",21,
"346340","2015-05-09",8,
"346360","2015-02-20",16,
"346370","2015-02-03",470,
"346400","2015-01-26",15,
"274230","2015-01-22",0,
"346420","2015-03-11",161,
"346440","2015-02-05",21,
"274270","2015-02-19",180,
"346450","2015-01-26",48,
"346470","2015-02-26",41,
"346480","2015-02-06",0,
"346490","2015-03-12",0,
"346510","2015-02-12",10,
"274350","2015-03-13",0,
"346540","2015-02-12",0,
"346541","2015-02-12",0,
"346542","2015-02-13",1,
"346550","2015-03-02",11,
"346560","2015-02-11",186,
"346590","2015-03-19",11,
"346630","2015-02-04",11,
"346640","2015-01-29",4,
"346650","2015-01-27",13,
"346660","2015-01-27",0,
"346670","2015-03-10",16,
"346690","2015-02-03",1,
"346720","2015-02-11",4,
"346743","2015-03-31",0,
"274580","2014-11-24",0,
"346770","2015-04-22",26,
"346780","2015-04-06",20,
"346800","2015-02-27",42,
"346810","2015-02-04",180,
"346830","2015-04-23",45,
"346850","2015-04-17",0,
"346860","2015-01-28",1,
"346890","2015-02-04",0,
"274700","2015-01-22",39,
"346900","2015-03-30",10491,
"346920","2015-01-29",26,
"346940","2015-05-21",0,
"346950","2015-02-17",5,
"346970","2015-02-14",13,
"346990","2015-04-28",0,
"347010","2015-01-28",16,
"347030","2015-02-02",89,
"347040","2015-03-09",15,
"347050","2015-02-26",4,
"347070","2015-02-13",2,
"347090","2015-03-16",137,
"347100","2015-01-29",0,
"347101","2015-01-29",0,
"347102","2015-01-29",0,
"347103","2015-01-29",0,
"347104","2015-01-29",0,
"347105","2015-01-29",0,
"347110","2015-02-11",0,
"347120","2015-02-24",1,
"347150","2015-05-12",38,
"347154","2015-04-22",21,
"347155","2015-04-16",88,
"347160","2015-05-12",18,
"347180","2015-02-09",0,
"347181","2015-04-30",8,
"347190","2015-05-06",9,
"347210","2015-05-06",9,
"347211","2015-05-06",8,
"347212","2015-05-07",23,
"347213","2015-03-23",105,
"347220","2015-04-20",3,
"347230","2015-04-01",2,
"347240","2015-04-01",1,
"347250","2015-04-01",2,
"347260","2015-04-01",3,
"347270","2015-04-01",2,
"347280","2015-03-21",0,
"347290","2015-02-28",0,
"275125","2015-04-09",1,
"275127","2015-02-24",0,
"275200","2015-01-29",235,
"347430","2015-03-02",24,
"347440","2015-02-24",36,
"347450","2015-03-27",0,
"347470","2015-03-30",0,
"347480","2015-02-03",6,
"347490","2015-01-29",0,
"347491","2015-01-29",0,
"347492","2015-01-29",0,
"347493","2015-01-29",0,
"347494","2015-01-29",0,
"347560","2015-02-03",27,
"347570","2015-02-12",0,
"347580","2015-02-12",14,
"347590","2015-02-16",5,
"347620","2015-05-25",0,
"347630","2015-03-23",39,
"347640","2015-03-20",0,
"347641","2015-03-20",0,
"347642","2015-03-20",0,
"347643","2015-03-20",0,
"347644","2015-03-20",0,
"347645","2015-03-20",0,
"347670","2015-03-11",140,
"347680","2015-02-20",2,
"347690","2015-02-02",11,
"347710","2015-03-26",36,
"347780","2015-02-03",0,
"347790","2015-04-03",11,
"347800","2015-02-28",0,
"275690","2014-11-11",181,
"347880","2015-02-03",350,
"347890","2015-04-15",76,
"347900","2015-02-03",2,
"347910","2015-02-21",0,
"347920","2015-02-09",1,
"347930","2015-02-04",8,
"347940","2015-02-04",54,
"347980","2015-02-24",5,
"347981","2015-04-15",4,
"347990","2015-03-04",235,
"360010","2015-04-27",3,
"360030","2015-05-25",2,
"360090","2015-04-07",3,
"360091","2015-04-07",1,
"360092","2015-04-07",0,
"360093","2015-04-07",0,
"360094","2015-04-07",0,
"360095","2015-04-07",0,
"360096","2015-04-07",0,
"360097","2015-04-07",0,
"360098","2015-04-07",0,
"360099","2015-04-07",0,
"360110","2015-04-07",0,
"360111","2015-04-07",0,
"360112","2015-04-07",0,
"360113","2015-04-07",0,
"360114","2015-04-07",1,
"360115","2015-04-07",1,
"360120","2015-04-07",0,
"360130","2015-04-08",10,
"360140","2015-04-23",0,
"360240","2015-04-09",1,
"360290","2015-05-16",0,
"360350","2015-05-19",5,
"360360","2015-05-15",0,
"360380","2015-04-23",12,
"360390","2015-04-02",10,
"360420","2015-04-07",0,
"360421","2015-04-07",0,
"360422","2015-04-07",0,
"360423","2015-04-08",0,
"360424","2015-04-07",0,
"360425","2015-04-07",0,
"360426","2015-04-07",0,
"360427","2015-04-07",0,
"360428","2015-04-07",0,
"360450","2015-04-16",49,
"360480","2015-05-04",280,
"360520","2015-04-01",3,
"360530","2015-04-13",4,
"360590","2015-05-13",11,
"360600","2015-03-31",9,
"360680","2015-05-12",0,
"360720","2015-04-18",1,
"360750","2015-04-20",8,
"360770","2015-05-18",0,
"360790","2015-05-18",0,
"360820","2015-04-01",18,
"360870","2015-04-06",638,
"360880","2015-05-07",0,
"360890","2015-04-20",45,
"360920","2015-05-13",0,
"360960","2015-04-13",491,
"348000","2015-02-05",8,
"348010","2015-02-04",1,
"348020","2015-03-27",353,
"348030","2015-05-21",0,
"348040","2015-03-09",303,
"348070","2015-03-06",0,
"348090","2015-02-05",493,
"348091","2015-02-05",278,
"348100","2015-02-05",0,
"348110","2015-02-09",0,
"348160","2015-03-26",0,
"348180","2015-03-12",16,
"348200","2015-04-07",43,
"348270","2015-02-25",67,
"348290","2015-03-25",48,
"348300","2015-04-17",0,
"348310","2015-02-05",0,
"348320","2015-02-18",0,
"348330","2015-02-10",53,
"348350","2015-05-22",31,
"348370","2015-05-13",0,
"348380","2015-02-04",107,
"348400","2015-03-25",11,
"348430","2015-05-08",2,
"348440","2015-05-08",2,
"348450","2015-02-09",59,
"348530","2015-03-23",9,
"348550","2015-05-22",0,
"348560","2015-02-07",8,
"348561","2015-02-18",13,
"348610","2015-02-06",5,
"348620","2015-03-26",459,
"348650","2015-02-06",18,
"348670","2015-03-12",45,
"348680","2015-02-27",2,
"348681","2015-03-10",3,
"348682","2015-04-21",1,
"348683","2015-04-21",3,
"348684","2015-04-07",1,
"348685","2015-04-07",1,
"348686","2015-03-24",1,
"348687","2015-05-05",4,
"348690","2015-02-13",2,
"348700","2015-03-18",71,
"348730","2015-04-24",15,
"348750","2015-02-24",3,
"348760","2015-02-21",7,
"348790","2015-02-11",16,
"348840","2015-05-22",0,
"348850","2015-02-24",0,
"348860","2015-02-20",5,
"348870","2015-02-11",15,
"348920","2015-02-13",2,
"348960","2015-02-23",8,
"348970","2015-02-26",1,
"348980","2015-02-16",6,
"348990","2015-03-20",20,
"276810","2014-11-17",700,
"361020","2015-05-11",0,
"361060","2015-04-06",1,
"361070","2015-05-04",0,
"361110","2015-04-20",4,
"361170","2015-04-03",13,
"361171","2015-04-03",3,
"361172","2015-04-03",2,
"361173","2015-04-03",1,
"361180","2015-04-02",2,
"361181","2015-04-02",10,
"361182","2015-04-02",7,
"361183","2015-04-02",1,
"361190","2015-04-21",29,
"361220","2015-05-08",0,
"361280","2015-05-26",0,
"361310","2015-04-02",13,
"361312","2015-04-03",4,
"361313","2015-04-03",2,
"361314","2015-04-02",3,
"361320","2015-04-17",12,
"361330","2015-04-21",15,
"361350","2015-05-11",2,
"361380","2015-04-09",10,
"361430","2015-04-22",9,
"361440","2015-04-07",2,
"361470","2015-05-01",2,
"361480","2015-04-30",0,
"361481","2015-04-30",0,
"361482","2015-04-30",0,
"361483","2015-04-30",0,
"361484","2015-04-30",0,
"361485","2015-04-30",0,
"361520","2015-04-24",0,
"361540","2015-05-06",0,
"361541","2015-05-06",0,
"361542","2015-05-06",0,
"361620","2015-05-21",5,
"361630","2015-04-10",757,
"361660","2015-04-07",26,
"361670","2015-04-28",52,
"361690","2015-04-28",40,
"361700","2015-04-07",204,
"361800","2015-04-28",0,
"361820","2015-05-03",23,
"361830","2015-04-15",33,
"361850","2015-05-25",0,
"361870","2015-04-03",0,
"361970","2015-05-07",12,
"361990","2015-04-10",141,
"349000","2015-05-13",6,
"349050","2015-03-09",0,
"349060","2015-02-19",4,
"349080","2015-02-06",1,
"349130","2015-02-24",0,
"349190","2015-04-29",14,
"349210","2015-02-11",21,
"349240","2015-02-27",2,
"349260","2015-02-17",6,
"349280","2015-05-21",4,
"349300","2015-04-03",26,
"349310","2015-02-13",159,
"349320","2015-03-31",20,
"349330","2015-02-20",1,
"349331","2015-02-20",0,
"349350","2015-04-02",24,
"349370","2015-02-11",1,
"349440","2015-04-07",44,
"349450","2015-02-09",22,
"349460","2015-04-20",6,
"349480","2015-02-26",588,
"349500","2015-02-25",15,
"349530","2015-02-25",20,
"349540","2015-02-17",17,
"349550","2015-02-25",36,
"349560","2015-02-17",4,
"349620","2015-02-19",0,
"349660","2015-03-03",0,
"349670","2015-04-01",19,
"349690","2015-03-03",12,
"349740","2015-03-09",8,
"349750","2015-02-19",14,
"349770","2015-04-16",7,
"349780","2015-02-20",5,
"349800","2015-04-16",0,
"349810","2015-05-12",0,
"349820","2015-02-11",0,
"349830","2015-04-30",244,
"277680","2014-12-11",171,
"277730","2015-01-22",17,
"277739","2014-12-05",37,
"277740","2014-11-06",42,
"277742","2015-01-19",22,
"277749","2015-04-22",2,
"277752","2014-12-18",26,
"277753","2014-12-10",5,
"277754","2014-12-12",21,
"277755","2015-01-30",16,
"277756","2015-02-26",3,
"277757","2015-02-26",7,
"277758","2015-03-12",8,
"277759","2015-02-06",9,
"349930","2015-02-27",1,
"277760","2015-02-12",19,
"349931","2015-02-27",2,
"349932","2015-02-27",0,
"277762","2015-03-05",10,
"349933","2015-02-27",0,
"277763","2015-03-26",14,
"349934","2015-02-27",0,
"277764","2015-04-29",5,
"349935","2015-02-27",2,
"277765","2015-04-02",11,
"349936","2015-02-27",0,
"349937","2015-02-27",1,
"277767","2015-02-27",13,
"349938","2015-02-27",0,
"277768","2015-03-19",24,
"349939","2015-02-27",0,
"277769","2015-04-16",12,
"349940","2015-02-27",1,
"277770","2015-05-06",4,
"349941","2015-02-27",0,
"277771","2015-05-14",8,
"349950","2015-02-12",32,
"349960","2015-02-19",0,
"349970","2015-02-12",0,
"349980","2015-04-30",1,
"277821","2015-01-31",20,
"277850","2014-12-16",16,
"362010","2015-04-03",2,
"362030","2015-04-14",2,
"362040","2015-04-06",1,
"362050","2015-04-20",12,
"362090","2015-04-16",72,
"362100","2015-04-10",0,
"362130","2015-04-17",0,
"362140","2015-04-22",0,
"362170","2015-04-07",0,
"362280","2015-04-09",63,
"362320","2015-04-16",0,
"362350","2015-05-08",47,
"362400","2015-04-27",45,
"362420","2015-04-13",0,
"362460","2015-04-21",0,
"362490","2015-04-29",480,
"290300","2015-05-08",0,
"362500","2015-05-01",1,
"290340","2015-01-14",244,
"362520","2015-05-01",1,
"362530","2015-05-01",0,
"362540","2015-05-01",0,
"362550","2015-05-01",0,
"362560","2015-05-01",0,
"362570","2015-05-01",0,
"362580","2015-05-01",0,
"362590","2015-05-01",1,
"362610","2015-05-25",5,
"362620","2015-04-27",115,
"362630","2015-05-06",3,
"362640","2015-05-06",0,
"362641","2015-05-06",0,
"362660","2015-04-21",9,
"362700","2015-04-17",0,
"290530","2014-10-30",37,
"362710","2015-04-09",29,
"362740","2015-05-11",0,
"362760","2015-05-02",0,
"362780","2015-05-08",3,
"362790","2015-05-08",1,
"290630","2014-12-19",4,
"362820","2015-05-01",0,
"362830","2015-04-21",0,
"362850","2015-05-26",0,
"362860","2015-05-22",0,
"362870","2015-04-24",44,
"362890","2015-05-05",1320,
"362900","2015-04-20",3,
"362920","2015-04-17",4,
"362940","2015-05-18",11,
"362950","2015-04-15",0,
"290790","2015-01-14",1009,
"290830","2015-01-06",202,
"290930","2015-03-25",1168,
"278100","2015-02-23",0,
"22140","2014-12-05",53,
"363000","2015-04-28",0,
"363020","2015-04-15",0,
"363030","2015-04-17",5,
"363031","2015-04-17",5,
"363050","2015-04-24",5,
"363060","2015-04-24",2,
"363070","2015-04-24",1,
"363200","2015-05-04",2,
"363220","2015-04-15",6,
"363260","2015-04-28",0,
"363261","2015-04-28",0,
"363320","2015-04-28",1,
"363330","2015-04-17",27,
"363340","2015-04-22",1,
"291170","2014-11-11",52,
"363410","2015-05-20",19,
"363430","2015-05-15",4,
"363460","2015-04-21",70,
"363480","2015-04-17",17,
"363490","2015-04-14",13,
"363500","2015-05-12",0,
"363550","2015-05-06",5,
"363570","2015-04-14",0,
"363620","2015-04-18",15,
"363630","2015-05-19",1,
"291470","2015-02-06",0,
"363660","2015-04-17",4,
"363690","2015-04-15",0,
"363740","2015-04-27",0,
"363770","2015-05-26",0,
"363781","2015-05-26",0,
"363790","2015-05-05",32,
"363800","2015-04-28",0,
"363810","2015-05-12",0,
"363830","2015-05-09",0,
"363900","2015-04-16",6,
"363920","2015-04-20",1,
"363970","2015-05-14",5287,
"279440","2014-11-21",148,
"279720","2015-03-04",39,
"279740","2015-04-02",5,
"279800","2015-03-23",100,
"364100","2015-05-21",3,
"364130","2015-05-21",7,
"364170","2015-04-17",0,
"364180","2015-04-16",1,
"364240","2015-04-20",1,
"364270","2015-04-29",4,
"292114","2015-01-21",0,
"292116","2014-11-20",0,
"292117","2014-11-20",0,
"292118","2014-11-20",0,
"292119","2014-11-20",0,
"364300","2015-05-11",43,
"292140","2014-11-11",1025,
"364320","2015-05-21",2,
"364360","2015-04-22",0,
"364370","2015-04-23",10,
"364380","2015-04-24",42,
"364400","2015-04-22",0,
"364410","2015-04-17",0,
"364450","2015-04-20",46,
"364480","2015-05-14",3,
"364660","2015-04-17",2,
"364710","2015-04-22",0,
"364750","2015-05-11",0,
"364770","2015-04-20",6,
"364790","2015-05-18",0,
"364800","2015-05-08",4,
"364810","2015-05-08",13,
"364890","2015-04-23",15,
"364900","2015-04-30",0,
"364920","2015-04-20",5,
"292750","2014-11-30",0,
"364930","2015-04-25",18,
"364940","2015-04-22",89,
"364970","2015-05-01",2,
"365000","2015-04-20",0,
"365020","2015-05-15",0,
"365030","2015-04-18",4,
"365031","2015-04-17",6,
"365032","2015-04-17",7,
"365033","2015-04-17",8,
"365050","2015-04-20",192,
"365070","2015-04-21",273,
"365080","2015-05-11",5,
"365110","2015-04-21",4,
"365140","2015-05-22",0,
"365170","2015-04-23",62,
"365190","2015-05-13",11,
"208750","2014-11-12",438,
"365210","2015-05-01",21,
"365220","2015-05-01",0,
"365270","2015-04-21",31,
"365280","2015-05-04",5,
"365290","2015-04-23",0,
"293140","2015-01-24",12,
"365320","2015-05-22",0,
"365330","2015-04-24",32,
"365340","2015-04-27",7,
"365360","2015-04-21",191,
"293220","2015-05-14",202,
"365400","2015-05-06",3,
"365420","2015-04-28",11,
"365430","2015-04-23",4,
"293280","2015-02-02",0,
"365460","2015-05-26",1,
"365470","2015-05-12",0,
"365490","2015-04-22",0,
"365500","2015-04-30",9,
"293340","2014-11-20",52,
"365520","2015-05-20",0,
"365530","2015-05-19",1,
"365540","2015-05-20",0,
"365580","2015-05-04",6,
"293440","2014-11-05",56,
"365620","2015-05-05",3,
"365630","2015-04-21",0,
"293480","2014-11-14",60,
"365670","2015-04-24",625,
"293520","2015-05-14",0,
"293560","2014-10-31",1343,
"365760","2015-05-19",0,
"365840","2015-05-14",22,
"365860","2015-05-20",15,
"365870","2015-05-11",7,
"293760","2015-03-12",273,
"366060","2015-05-21",5,
"366080","2015-04-23",15,
"366140","2015-04-23",1,
"366190","2015-05-01",0,
"366210","2015-05-26",0,
"294060","2015-02-10",24,
"366290","2015-04-28",14,
"294160","2014-12-03",521,
"366410","2015-05-25",0,
"366420","2015-04-23",0,
"366430","2015-04-23",0,
"366460","2015-05-04",6,
"366530","2015-04-30",15,
"366590","2015-04-30",0,
"366610","2015-04-24",7,
"366650","2015-05-06",0,
"366660","2015-05-21",192,
"366670","2015-05-04",4,
"366700","2015-04-24",3,
"366710","2015-05-13",0,
"366730","2015-05-22",0,
"366740","2015-05-22",0,
"366800","2015-04-30",61,
"366820","2015-05-07",0,
"366843","2015-04-27",0,
"366890","2015-05-21",8,
"366900","2015-04-30",0,
"366990","2015-04-30",2,
"294810","2014-11-18",386,
"294860","2014-10-30",3107,
"222180","2015-03-10",11,
"222420","2014-11-27",400,
"222440","2015-01-30",175,
"222621","2014-12-12",0,
"222631","2014-11-20",20,
"222633","2015-04-09",3,
"222638","2014-11-13",0,
"222804","2015-03-24",9,
"222805","2015-03-24",5,
"222806","2015-03-24",4,
"222807","2015-03-24",8,
"367000","2015-05-12",26,
"367030","2015-05-08",11,
"367040","2015-04-27",2,
"367060","2015-05-01",5,
"367090","2015-05-01",0,
"367110","2015-05-15",32,
"367150","2015-04-28",0,
"367180","2015-05-12",1,
"367190","2015-05-01",0,
"295040","2014-10-30",0,
"295041","2014-11-04",0,
"295042","2014-11-04",0,
"295043","2014-11-04",1,
"295044","2014-11-04",1,
"295045","2014-11-11",0,
"295046","2014-11-11",0,
"295047","2014-11-11",0,
"295048","2014-11-11",0,
"295049","2014-11-11",0,
"367220","2015-05-12",3,
"295050","2014-11-11",0,
"295051","2014-11-25",1,
"295052","2014-11-25",0,
"295053","2014-11-25",0,
"295054","2014-11-25",0,
"295055","2014-11-25",0,
"295056","2014-11-25",4,
"295057","2014-12-03",1,
"295058","2014-12-03",0,
"295059","2014-12-03",0,
"295060","2014-12-03",0,
"295061","2014-12-03",0,
"295062","2014-12-03",0,
"295063","2014-12-10",0,
"295064","2014-12-10",0,
"295065","2014-12-09",0,
"295066","2014-12-10",0,
"295067","2014-12-09",0,
"295068","2014-12-10",0,
"295069","2014-12-09",3,
"295070","2014-12-16",0,
"295071","2014-12-16",0,
"295072","2014-12-16",0,
"295073","2014-12-16",1,
"295074","2014-12-16",0,
"295075","2014-12-16",0,
"295076","2014-12-16",0,
"295077","2014-12-16",0,
"295078","2014-12-16",0,
"295079","2014-12-16",0,
"367250","2015-04-30",0,
"295080","2014-12-16",0,
"295081","2014-12-16",0,
"295082","2014-12-16",0,
"295083","2014-12-16",1,
"295084","2014-12-16",3,
"295085","2014-12-16",0,
"295086","2014-12-16",4,
"295087","2015-01-06",0,
"295088","2015-01-06",0,
"295089","2015-01-06",2,
"367260","2015-04-28",6,
"295090","2015-01-06",0,
"295091","2015-01-06",1,
"295092","2015-01-06",0,
"295093","2015-01-06",3,
"295094","2015-01-13",0,
"295095","2015-01-13",0,
"295096","2015-01-13",0,
"295097","2015-01-13",0,
"295098","2015-01-13",0,
"295099","2015-01-13",1,
"367280","2015-04-28",0,
"367290","2015-05-04",1,
"295110","2015-01-10",29898,
"367300","2015-05-22",11,
"295162","2015-01-28",8,
"295173","2015-02-13",0,
"295174","2015-02-13",0,
"295177","2015-01-21",0,
"295178","2015-01-21",0,
"295181","2015-02-05",1,
"295182","2015-02-05",2,
"295183","2015-02-17",0,
"295184","2015-02-17",0,
"295188","2015-02-24",0,
"295190","2014-11-10",3,
"295191","2015-04-22",0,
"367380","2015-05-04",0,
"367480","2015-04-29",0,
"295330","2014-11-04",15,
"367640","2015-05-12",2,
"367660","2015-05-05",0,
"367670","2015-05-04",430,
"295560","2014-12-04",0,
"295590","2015-03-19",99,
"367810","2015-04-30",0,
"367840","2015-05-26",0,
"367850","2015-05-07",0,
"223100","2015-03-13",0,
"368140","2015-05-25",0,
"368190","2015-05-06",0,
"296030","2014-12-31",0,
"368220","2015-05-12",18,
"368250","2015-05-05",1,
"368290","2015-05-18",6,
"368320","2015-05-20",3,
"368340","2015-05-15",36,
"368350","2015-05-12",0,
"368360","2015-05-06",37,
"368370","2015-05-25",0,
"368400","2015-05-12",0,
"368401","2015-05-12",0,
"368410","2015-05-07",0,
"368440","2015-05-14",0,
"296270","2015-03-25",4,
"296280","2015-01-30",47,
"368470","2015-05-22",9,
"296300","2015-05-08",0,
"368500","2015-05-12",0,
"368510","2015-05-09",0,
"368550","2015-05-06",0,
"368610","2015-05-22",0,
"368650","2015-05-08",109,
"296490","2015-04-30",282,
"368700","2015-05-15",5,
"368820","2015-05-08",0,
"368840","2015-05-13",0,
"368870","2015-05-07",182,
"368880","2015-05-15",0,
"296710","2015-01-23",237,
"368900","2015-05-11",12,
"368910","2015-05-13",0,
"368920","2015-05-13",0,
"368950","2015-05-12",573,
"368990","2015-05-11",9,
"296830","2015-01-26",278,
"369000","2015-05-11",14,
"369100","2015-05-15",25,
"369120","2015-05-06",7,
"369130","2015-05-25",0,
"369131","2015-05-25",0,
"297000","2015-01-06",1424,
"369210","2015-05-07",0,
"297070","2015-01-22",7,
"369290","2015-05-25",0,
"369340","2015-05-08",0,
"369350","2015-05-12",0,
"369370","2015-05-15",9,
"369410","2015-05-19",0,
"369430","2015-05-16",0,
"369450","2015-05-07",0,
"369470","2015-05-08",0,
"369490","2015-05-12",0,
"297310","2014-11-17",47,
"369500","2015-05-14",0,
"369501","2015-05-21",0,
"369520","2015-05-15",0,
"297390","2014-11-25",7,
"369610","2015-05-25",0,
"369620","2015-05-21",17,
"369640","2015-05-12",9,
"297470","2014-12-23",54,
"369650","2015-05-22",0,
"369660","2015-05-22",0,
"369670","2015-05-22",0,
"369700","2015-05-19",0,
"297650","2014-12-16",10,
"369860","2015-05-14",4,
"369890","2015-05-25",0,
"297831","2014-11-13",42,
"297842","2014-12-12",0,
"297920","2015-03-12",50,
"225270","2015-01-07",8,
"41046","2015-04-11",0,
"225540","2014-11-11",0,
"310031","2014-10-30",105,
"310032","2014-10-30",4,
"310033","2014-10-30",3,
"310034","2014-10-30",10,
"310040","2014-11-18",0,
"310050","2014-11-18",1,
"310060","2015-03-09",0,
"298160","2014-10-31",880,
"310100","2014-10-31",14,
"310360","2014-12-05",295,
"310370","2014-12-30",4275,
"310380","2014-11-07",2187,
"310460","2014-12-04",7,
"298560","2015-01-13",80,
"310560","2015-04-27",1898,
"310580","2014-11-21",1,
"310640","2014-11-12",9,
"310660","2014-10-30",21,
"298790","2014-12-10",16,
"310740","2015-04-16",31,
"310790","2014-11-18",486,
"298850","2014-11-05",9,
"298880","2014-11-15",0,
"310810","2015-01-28",13,
"310850","2014-10-31",120,
"310880","2014-11-06",41,
"310890","2015-01-22",96,
"298930","2014-11-11",66,
"298950","2014-12-03",22,
"311160","2014-12-19",15,
"311161","2014-12-19",8,
"311162","2014-12-19",5,
"311163","2014-12-19",6,
"311164","2014-12-19",22,
"311210","2015-04-27",0,
"299350","2014-12-03",52,
"299360","2014-11-20",2380,
"311400","2014-11-13",203,
"311490","2015-02-12",13,
"311560","2015-02-05",545,
"299680","2015-01-01",238,
"311690","2015-03-30",0,
"299740","2014-10-30",1597,
"311700","2014-12-11",202,
"311730","2014-12-04",2450,
"311840","2015-03-18",9,
"311950","2014-12-04",1,
"43190","2014-12-12",264,
"227520","2014-12-15",350,
"312060","2014-11-06",287,
"312230","2015-03-16",32,
"312240","2015-03-12",7,
"312270","2014-11-14",7,
"312310","2014-11-13",6,
"312370","2014-11-19",237,
"312400","2014-12-01",10,
"312420","2014-11-11",19,
"312430","2015-03-31",42,
"312440","2015-03-02",0,
"312450","2015-03-31",67,
"312520","2015-03-03",0,
"312530","2015-02-09",0,
"312540","2015-04-21",93,
"312600","2014-12-09",47,
"240460","2015-04-22",751,
"312710","2015-04-20",2,
"312780","2014-12-09",0,
"312790","2015-02-10",104,
"240620","2015-02-04",0,
"312840","2015-01-29",454,
"312930","2014-12-11",21,
"313010","2015-01-12",1248,
"313120","2015-01-09",9386,
"313370","2015-01-20",19,
"313371","2015-01-27",19,
"313372","2015-02-03",15,
"313373","2014-11-18",5,
"313374","2014-11-25",5,
"313375","2014-12-09",18,
"313380","2015-01-13",5,
"313381","2014-11-11",40,
"313660","2014-11-03",17,
"313680","2014-12-01",1,
"313690","2014-10-31",738,
"313800","2015-04-13",2,
"313810","2015-04-16",0,
"241680","2014-12-16",1,
"314010","2014-11-24",216,
"314150","2015-01-15",259,
"314160","2014-12-18",2431,
"314220","2014-11-21",48,
"314300","2014-11-24",43,
"314410","2015-03-24",72,
"314450","2014-12-01",8,
"314520","2014-11-04",225,
"314530","2015-02-03",20,
"314560","2015-02-27",0,
"314590","2015-05-12",10,
"314660","2015-02-02",698,
"314710","2015-04-28",0,
"314830","2014-12-22",196,
"315050","2014-11-06",9,
"315060","2015-01-30",5,
"315080","2014-11-19",25,
"315130","2015-01-25",8,
"315320","2014-11-26",74,
"315330","2015-04-06",0,
"315392","2015-04-21",16,
"315393","2015-02-12",35,
"315394","2015-01-20",60,
"315395","2015-03-17",11,
"315396","2014-11-22",82,
"315397","2015-01-27",24,
"315450","2014-12-01",22,
"315460","2015-02-23",573,
"315660","2014-12-15",70,
"315840","2015-02-17",161,
"315880","2015-03-17",576,
"316070","2014-12-10",0,
"316080","2015-03-24",21,
"316160","2014-11-04",22,
"316240","2015-02-25",26,
"244160","2015-01-25",2606,
"316390","2014-12-30",3093,
"316410","2015-03-24",259,
"316430","2014-11-21",466,
"316590","2015-05-08",0,
"316610","2015-02-19",42,
"316790","2015-01-22",834,
"316920","2014-11-06",2,
"316930","2014-12-04",251,
"244770","2014-12-04",962,
"316960","2014-12-12",10,
"316962","2015-04-01",5,
"316963","2015-01-12",6,
"316967","2015-03-10",2,
"244910","2015-05-25",0,
"317040","2014-12-10",128,
"317100","2015-02-06",105,
"245177","2015-04-18",0,
"317400","2014-12-30",0,
"317460","2014-10-31",42,
"317461","2014-10-31",36,
"317462","2014-10-31",46,
"317530","2014-11-19",32,
"317620","2014-11-01",297,
"317750","2014-10-31",31,
"317770","2014-12-06",8,
"317790","2014-12-08",92,
"317820","2015-02-27",0,
"317840","2014-12-04",19,
"330000","2015-01-22",86,
"330030","2014-10-30",0,
"330070","2015-02-05",54,
"330110","2015-04-09",5,
"330130","2014-12-04",1,
"330160","2015-03-10",7,
"330180","2015-01-29",35,
"330210","2015-02-12",75,
"330230","2014-11-26",1,
"330240","2014-11-26",2,
"330260","2014-11-14",13,
"330270","2015-03-06",107,
"330350","2014-11-19",324,
"330360","2014-12-11",0,
"330361","2014-12-11",0,
"330362","2014-12-11",0,
"330363","2014-12-11",0,
"330370","2015-02-09",29,
"330420","2014-11-03",0,
"330450","2014-12-22",18,
"330460","2014-11-21",43,
"330470","2014-11-11",57,
"330491","2014-10-30",6,
"330510","2014-11-15",0,
"330511","2014-11-15",0,
"330520","2014-10-30",10,
"330570","2014-12-29",0,
"330580","2015-05-18",0,
"330620","2014-11-18",87,
"330630","2014-10-31",1,
"330631","2014-10-31",3,
"330650","2014-11-15",7,
"330660","2015-03-20",10,
"330670","2015-03-10",0,
"330680","2014-11-17",17,
"330690","2014-11-06",0,
"330700","2014-10-31",80,
"330710","2014-11-05",2307,
"330720","2014-11-18",42,
"330730","2014-11-21",11,
"330750","2014-11-03",21,
"330760","2015-02-20",610,
"330770","2014-11-25",49,
"330800","2014-11-03",0,
"330810","2014-10-30",1,
"330830","2014-11-13",2127,
"330840","2014-11-20",2577,
"330860","2014-10-31",56,
"330990","2014-11-26",49,
"318020","2015-05-08",0,
"318060","2014-11-03",1,
"318072","2014-11-27",4,
"318073","2014-11-26",0,
"318077","2014-11-26",0,
"318130","2015-03-13",253,
"318230","2014-12-04",183,
"318260","2014-12-30",54,
"246110","2014-11-11",274,
"318300","2015-02-24",3,
"318330","2014-12-05",42,
"318340","2014-12-05",0,
"318390","2014-12-16",63,
"318410","2014-12-02",12,
"318411","2015-01-27",6,
"318412","2014-11-18",35,
"318414","2014-12-09",15,
"318420","2015-02-24",103,
"318480","2015-02-23",14,
"318490","2015-04-01",1,
"318520","2014-12-03",86,
"318560","2015-04-22",2,
"318591","2015-01-06",0,
"318650","2014-12-11",32,
"318690","2014-12-01",121,
"318790","2015-03-12",18,
"318791","2015-03-03",261,
"318792","2015-04-30",59,
"318850","2015-03-25",15,
"318860","2014-11-14",22,
"318870","2015-01-13",1,
"318871","2015-01-13",2,
"318872","2015-01-13",2,
"318873","2014-12-10",0,
"318874","2015-01-13",2,
"318875","2015-02-03",1,
"318970","2015-03-03",83,
"102220","2014-12-04",0,
"331000","2014-10-30",0,
"331060","2015-01-15",12,
"331061","2015-01-15",16,
"331062","2015-01-15",4,
"331063","2015-01-15",5,
"331064","2015-01-15",12,
"331065","2015-01-15",27,
"331066","2015-01-15",7,
"331067","2015-01-15",3,
"331068","2015-01-15",6,
"331069","2015-01-15",11,
"331070","2015-01-15",8,
"331071","2015-01-15",6,
"331072","2015-01-15",14,
"331103","2015-01-16",0,
"331104","2015-01-17",0,
"331105","2015-01-17",0,
"331106","2015-01-17",0,
"331107","2015-01-17",0,
"331108","2015-01-17",0,
"331120","2014-11-21",488,
"331130","2014-11-13",3,
"331160","2015-02-24",8,
"331180","2015-04-24",12,
"331181","2015-04-24",18,
"331200","2014-11-12",241,
"331220","2014-12-01",76,
"331230","2014-11-26",0,
"331240","2014-12-11",0,
"331250","2014-11-26",0,
"331260","2014-11-26",4,
"331270","2014-10-31",3,
"331290","2014-11-11",8,
"331300","2014-12-22",1,
"331310","2014-11-03",7,
"331330","2015-03-31",74,
"331340","2015-01-16",28,
"331350","2014-12-16",1,
"331351","2014-12-16",0,
"331352","2014-12-16",2,
"331353","2014-12-16",0,
"331354","2014-12-16",2,
"331355","2014-12-16",2,
"331356","2014-12-16",0,
"331357","2014-12-16",0,
"331358","2014-12-16",1,
"331380","2014-11-17",0,
"331390","2014-11-03",74,
"331400","2014-11-18",35,
"331440","2014-11-18",377,
"331450","2015-02-24",2,
"331460","2015-03-23",23,
"331470","2014-11-18",6301,
"331490","2014-11-04",1,
"331491","2014-11-03",1,
"331492","2014-11-03",4,
"102810","2014-12-11",59,
"331500","2015-03-05",32,
"331510","2014-11-06",25,
"331520","2015-01-16",1,
"331550","2014-11-07",0,
"331560","2014-12-02",0,
"331570","2015-05-26",0,
"331580","2014-11-19",9,
"331600","2015-03-30",0,
"331610","2014-12-16",18,
"331620","2014-11-12",1,
"331650","2014-12-04",113,
"331660","2014-11-07",17,
"331670","2014-11-26",233,
"331710","2014-11-08",66,
"331720","2014-11-11",81,
"331740","2014-11-18",2,
"331750","2015-02-24",7,
"331760","2015-01-13",24,
"331790","2015-02-03",10,
"331800","2014-11-19",9,
"331880","2015-04-17",25,
"331890","2014-11-25",1,
"331891","2014-11-06",3,
"331892","2014-11-25",0,
"331900","2014-11-13",456,
"331910","2014-11-28",7,
"331920","2014-11-14",60,
"331930","2015-02-06",6,
"331960","2014-11-05",0,
"331970","2015-02-24",18,
"331980","2014-12-11",74,
"319000","2015-01-30",5,
"319010","2015-01-30",4,
"319011","2015-01-30",2,
"319013","2015-01-30",7,
"319014","2015-01-30",41,
"319015","2015-01-30",15,
"319016","2015-01-30",12,
"319017","2015-01-21",9,
"319018","2015-01-30",20,
"319050","2014-12-01",255,
"319140","2014-12-04",59,
"319210","2014-11-21",16,
"319240","2015-02-16",2,
"319290","2014-11-15",3,
"319450","2014-11-04",62,
"319470","2015-05-25",3,
"319740","2015-01-16",188,
"319780","2015-04-17",36,
"319810","2015-03-04",44,
"319910","2015-04-16",357,
"332000","2014-11-06",0,
"332001","2014-11-05",0,
"332010","2014-11-06",0,
"332011","2014-11-05",0,
"332020","2014-11-05",0,
"332030","2014-11-11",0,
"332070","2014-12-04",1687,
"332120","2014-12-17",0,
"332130","2014-11-20",2,
"332150","2014-11-24",3,
"332190","2014-12-18",0,
"332191","2014-12-18",0,
"332200","2015-04-18",242,
"332210","2014-11-06",0,
"332240","2014-11-24",6,
"332250","2015-01-09",64,
"332260","2015-02-24",1,
"332290","2015-01-10",0,
"332291","2015-01-10",1,
"332292","2015-01-10",0,
"332293","2015-01-10",0,
"332300","2014-11-07",1,
"332340","2014-11-14",2,
"332350","2015-04-08",243,
"332360","2014-11-14",38,
"332380","2015-04-06",10,
"332390","2015-04-02",11,
"332410","2015-04-15",12,
"332420","2014-11-11",0,
"332430","2014-11-25",0,
"332460","2014-11-11",4,
"332470","2014-11-07",2,
"332480","2014-11-11",202,
"332490","2014-11-18",97,
"332500","2014-11-11",1494,
"332540","2014-11-17",24,
"332570","2014-11-21",146,
"332580","2015-01-13",15,
"260410","2014-11-03",1173,
"260430","2015-02-18",138,
"332610","2015-05-19",10,
"332630","2015-01-22",14,
"332710","2014-11-21",73,
"332730","2015-02-03",33,
"332750","2014-11-17",1,
"332760","2015-02-25",12,
"332780","2014-12-15",42,
"332790","2015-02-03",57,
"332800","2014-11-11",7403,
"332810","2014-11-24",2,
"332830","2014-12-09",41,
"332880","2015-04-02",20,
"332890","2014-11-11",0,
"332970","2015-04-17",109,
"333030","2014-11-21",3,
"333040","2014-11-25",2,
"333050","2014-11-22",5,
"333051","2014-11-21",0,
"333052","2014-11-21",0,
"333060","2014-11-21",3,
"333070","2014-11-21",0,
"333071","2014-11-21",0,
"333080","2015-01-15",10,
"333081","2015-01-15",6,
"333082","2015-01-15",0,
"333083","2015-01-15",2,
"333084","2015-01-15",5,
"333087","2015-01-15",5,
"333088","2015-01-15",7,
"333090","2015-02-06",1,
"333091","2015-01-10",2,
"333110","2015-03-13",23,
"333120","2014-11-17",31,
"333130","2014-12-19",5,
"333140","2014-12-10",2,
"333150","2014-12-18",5,
"333160","2014-12-17",8,
"333170","2014-12-17",4,
"333180","2015-01-22",4,
"333181","2015-01-22",2,
"333182","2015-01-22",0,
"333190","2015-01-22",0,
"333191","2015-01-22",0,
"333192","2015-01-22",0,
"333193","2015-01-22",0,
"333200","2014-12-17",6,
"333210","2015-04-10",97,
"333220","2014-11-20",79,
"333230","2014-11-26",3,
"333250","2015-01-23",263,
"333260","2014-12-02",28,
"333270","2014-11-15",2,
"333310","2014-11-17",4,
"333320","2014-11-14",3,
"333330","2015-01-13",54,
"333350","2015-01-29",39,
"333380","2014-12-22",5,
"333390","2015-01-09",18,
"333400","2014-12-10",4,
"333430","2014-12-05",32,
"333460","2014-12-12",20,
"333500","2014-11-22",0,
"333510","2015-02-17",29,
"333520","2014-11-17",0,
"333530","2015-02-10",56,
"333540","2014-11-25",21,
"333560","2015-01-26",3,
"333580","2015-04-14",11,
"333600","2014-12-04",2820,
"333650","2015-02-16",4,
"333660","2014-12-30",58,
"333670","2014-11-17",2,
"333680","2014-12-05",0,
"333690","2015-05-08",14,
"333700","2014-11-25",1,
"333710","2015-01-15",0,
"333720","2014-12-04",0,
"333730","2015-01-26",14,
"333740","2015-03-17",46,
"261570","2015-02-28",5777,
"333760","2014-12-31",47,
"333780","2015-02-10",0,
"333790","2014-11-25",86,
"333800","2015-03-03",20,
"333820","2015-03-06",140,
"333850","2014-11-19",3,
"333860","2015-01-19",58,
"333870","2014-11-25",44,
"333880","2014-12-03",38,
"333890","2014-12-18",0,
"333891","2014-12-19",0,
"333892","2014-12-18",0,
"333900","2014-11-18",0,
"333910","2014-12-18",3,
"333920","2014-12-18",0,
"333921","2014-12-18",6,
"333930","2015-01-06",1564,
"333950","2015-01-28",2107,
"333970","2015-02-17",42,
"333980","2015-05-14",0,
"334010","2014-11-20",0,
"334030","2015-04-08",146,
"334040","2015-01-13",172,
"334050","2014-11-19",12,
"334060","2014-11-19",0,
"334070","2015-01-16",134,
"334080","2014-11-28",20,
"334090","2014-12-17",0,
"334110","2014-12-18",0,
"334111","2014-12-18",0,
"334112","2014-12-18",0,
"334113","2014-12-18",0,
"334120","2015-02-28",0,
"334140","2014-12-09",27,
"334150","2014-12-18",0,
"334160","2014-12-18",0,
"334161","2014-12-18",0,
"334180","2014-12-18",1,
"334190","2014-12-02",30,
"334220","2015-01-15",2,
"334221","2015-01-15",2,
"334230","2014-12-15",1446,
"262060","2014-12-23",4656,
"334270","2014-12-17",33,
"334290","2014-12-16",70,
"334300","2014-12-19",24,
"334330","2014-11-20",33,
"334340","2015-03-05",10,
"262190","2015-01-29",56,
"334380","2014-11-21",5,
"334390","2015-03-03",1,
"334400","2014-11-28",2,
"262230","2015-02-23",0,
"334401","2014-11-28",11,
"334402","2014-11-28",5,
"334420","2015-03-25",222,
"334430","2014-11-25",0,
"334440","2014-12-18",5,
"334441","2014-12-18",5,
"334442","2014-12-18",1,
"334450","2014-12-18",4,
"334470","2015-01-09",1,
"334480","2015-02-10",1,
"334490","2015-03-09",2,
"334510","2014-11-26",0,
"334520","2014-11-26",0,
"334530","2014-11-26",1,
"334560","2015-04-06",28,
"334580","2014-12-09",2,
"334590","2014-12-08",0,
"334600","2014-12-08",4,
"334620","2015-01-27",14,
"334660","2014-11-21",895,
"334690","2015-01-12",227,
"334710","2014-11-25",62,
"334740","2015-01-07",0,
"262630","2015-02-06",4,
"334810","2014-12-10",8,
"334840","2015-01-22",23,
"334850","2015-03-25",9,
"334860","2014-11-24",3,
"334930","2015-01-01",13,
"334960","2015-02-20",6,
"334970","2014-12-01",0,
"334980","2014-12-24",27,
"334990","2014-11-26",0,
"262960","2015-01-27",326,
"335000","2015-02-09",270,
"335010","2015-02-09",13,
"335020","2014-11-24",141,
"335030","2015-03-25",224,
"335050","2014-12-17",104,
"335060","2014-11-27",6,
"335070","2015-03-05",61,
"335080","2015-01-21",9,
"335090","2015-01-06",25,
"335100","2014-12-23",63,
"335120","2014-12-09",0,
"335150","2015-01-10",585,
"335170","2014-12-03",0,
"335180","2014-12-04",25,
"335200","2015-03-18",14,
"335210","2014-12-01",23,
"335220","2015-01-15",6,
"335240","2015-01-22",3429,
"335250","2015-04-30",16,
"335260","2014-12-18",6,
"335290","2014-12-11",43,
"335300","2015-04-02",2681,
"335320","2014-12-06",39,
"335330","2015-02-11",1934,
"335350","2014-11-26",23,
"335370","2014-11-28",4,
"335410","2014-12-01",10,
"335420","2015-01-09",5,
"335430","2014-12-13",218,
"335440","2014-12-04",4,
"335450","2015-05-13",0,
"335460","2015-05-13",1,
"335473","2015-01-16",0,
"335474","2015-01-16",0,
"335475","2015-01-16",1,
"335476","2015-01-16",0,
"335477","2015-01-16",0,
"335478","2015-01-16",0,
"335510","2014-12-10",20,
"335520","2014-12-17",0,
"335550","2015-02-02",9,
"335560","2015-04-21",5,
"335570","2014-12-16",3,
"335580","2014-12-10",1,
"335610","2015-05-21",0,
"335611","2015-05-21",0,
"335640","2014-12-15",6,
"335660","2015-01-28",17,
"335670","2014-12-05",583,
"335680","2015-01-30",0,
"335690","2015-01-08",21,
"335740","2014-12-05",16,
"335770","2014-12-08",12,
"335790","2014-12-09",255,
"335800","2015-04-01",19,
"335810","2014-12-03",0,
"335830","2014-12-10",108,
"335840","2015-01-29",33,
"335850","2015-03-09",38,
"335880","2014-12-06",3,
"335890","2014-12-05",12,
"335900","2014-12-08",28,
"335920","2015-01-28",51,
"335930","2015-01-19",20,
"335940","2015-01-10",21,
"335970","2015-01-08",0,
"335981","2014-12-22",4,
"335982","2014-12-22",0,
"335990","2015-01-07",0,
"335991","2015-01-07",0,
"336010","2014-12-02",18,
"336020","2015-01-14",12,
"336040","2015-01-08",113,
"336050","2014-12-18",0,
"336060","2015-02-13",108,
"336080","2015-02-25",95,
"336090","2014-12-16",35,
"336100","2014-12-19",48,
"336110","2015-03-10",27,
"336150","2015-05-07",20,
"336170","2014-12-02",5,
"336180","2014-12-02",0,
"336200","2015-02-10",35,
"336260","2015-01-06",0,
"336270","2015-03-10",2,
"336280","2014-12-16",28,
"336300","2014-12-12",36,
"336310","2014-12-05",32,
"336320","2014-12-10",0,
"336370","2014-12-11",11,
"336380","2014-12-31",21,
"336420","2015-02-25",140,
"336460","2015-01-29",0,
"336530","2015-03-10",10,
"336610","2014-12-18",175,
"336620","2014-12-10",0,
"336630","2014-12-05",30,
"336650","2014-12-10",0,
"336660","2014-12-16",1,
"336670","2015-02-04",327,
"336700","2014-12-18",8,
"336710","2015-01-13",3,
"336730","2015-01-13",3,
"336760","2014-12-16",15,
"336770","2014-12-31",4,
"336780","2015-01-19",4,
"336790","2015-03-11",42,
"336810","2015-02-12",0,
"336840","2015-04-03",11,
"336850","2014-12-17",1,
"336851","2014-12-17",0,
"336860","2014-12-11",0,
"336870","2014-12-11",0,
"336930","2014-12-12",11,
"264840","2015-01-15",1,
"264841","2015-01-15",0,
"337000","2015-04-08",0,
"337040","2014-12-09",73,
"337050","2014-12-05",1,
"337070","2014-12-17",207,
"337110","2015-02-23",9,
"337120","2015-01-27",11,
"337150","2014-12-18",130,
"337180","2015-03-25",0,
"337220","2015-01-21",58,
"337270","2015-01-06",81,
"337280","2015-02-06",21,
"337310","2014-12-11",3,
"265140","2014-11-05",47,
"265146","2014-11-05",1,
"337380","2014-12-13",0,
"337400","2014-12-11",1,
"337410","2014-12-24",164,
"337420","2014-12-12",38,
"337430","2014-12-12",6,
"337450","2014-12-16",9,
"337630","2015-03-17",44,
"337640","2015-03-17",4,
"337660","2014-12-16",339,
"337661","2014-12-16",408,
"337670","2015-03-19",13,
"337680","2015-03-03",0,
"337690","2014-12-17",29,
"337710","2014-12-15",1,
"337730","2015-03-17",5,
"337740","2015-02-24",0,
"337750","2015-01-27",4,
"337760","2015-01-22",7,
"337820","2014-12-24",69,
"337840","2015-05-12",24,
"337850","2015-01-08",41,
"337870","2014-12-18",0,
"337871","2014-12-18",0,
"337872","2014-12-18",0,
"337880","2014-12-22",59,
"337900","2015-02-06",0,
"337901","2015-02-06",0,
"337902","2015-02-06",1,
"337910","2014-12-18",0,
"337930","2014-12-24",144,
"337940","2015-01-14",30,
"337960","2015-01-13",20,
"337970","2015-04-01",1,
"337980","2015-02-23",11,
"350000","2015-05-11",7,
"350010","2015-02-19",32,
"350020","2015-04-28",101,
"350060","2015-02-13",12,
"350070","2015-03-20",72,
"350080","2015-03-11",1072,
"350090","2015-05-22",0,
"350130","2015-02-18",0,
"350220","2015-03-13",129,
"350230","2015-02-12",0,
"350260","2015-03-27",0,
"350330","2015-02-16",4,
"350400","2015-04-23",1,
"350410","2015-05-01",1,
"350412","2015-05-05",2,
"350413","2015-04-21",0,
"350414","2015-04-07",5,
"350415","2015-03-31",0,
"350420","2015-05-26",0,
"350460","2015-04-18",9,
"350490","2015-04-10",4,
"350500","2015-02-17",33,
"350510","2015-02-16",16,
"350520","2015-02-12",0,
"350530","2015-05-09",46,
"350540","2015-05-01",8,
"350560","2015-03-27",0,
"350620","2015-05-04",6,
"350630","2015-02-25",30,
"350660","2015-04-27",103,
"350680","2015-04-30",0,
"350700","2015-04-03",166,
"350720","2015-02-17",1,
"350730","2015-03-02",0,
"350750","2015-02-27",29,
"350810","2015-03-16",26,
"350840","2015-02-16",5,
"350870","2015-02-14",11,
"350910","2015-05-19",0,
"338000","2015-01-16",621,
"338010","2014-12-29",0,
"338030","2014-12-17",5,
"338050","2015-01-14",41,
"338060","2015-01-09",72,
"338070","2015-01-09",4,
"338080","2015-01-09",3,
"338090","2015-01-09",2,
"338100","2015-01-09",0,
"338110","2015-01-12",6,
"338140","2015-01-23",64,
"338160","2015-02-26",113,
"338161","2015-02-26",8,
"338162","2015-02-26",13,
"338170","2015-01-17",308,
"338180","2015-05-14",897,
"338190","2015-01-26",51,
"338200","2015-02-02",0,
"338201","2015-02-02",1,
"338202","2015-02-02",2,
"338230","2014-12-17",0,
"338240","2014-12-17",0,
"338250","2015-02-04",21,
"338260","2015-01-30",7,
"338300","2015-02-24",0,
"338320","2015-01-19",87,
"266150","2014-11-25",413,
"338340","2015-03-18",228,
"338360","2015-03-09",12,
"338370","2015-04-28",0,
"338371","2015-02-21",1,
"338372","2015-03-25",1,
"338420","2015-05-15",14,
"338440","2014-12-18",0,
"338453","2015-03-09",0,
"338470","2015-01-13",106,
"338480","2014-12-24",0,
"338490","2014-12-16",2,
"266310","2015-02-12",197,
"338510","2014-12-18",0,
"338511","2014-12-18",0,
"338512","2014-12-24",0,
"338513","2014-12-24",0,
"338514","2014-12-24",0,
"338515","2014-12-24",0,
"338516","2014-12-24",0,
"338518","2015-01-14",0,
"338520","2015-01-14",0,
"338521","2015-01-14",0,
"338522","2015-01-14",0,
"338523","2015-01-14",0,
"338524","2015-01-14",0,
"338525","2015-02-20",2,
"338540","2015-02-17",923,
"338550","2015-02-06",5,
"338580","2015-01-26",9,
"338590","2015-01-02",9,
"266410","2015-01-12",132,
"338620","2015-01-13",131,
"338650","2015-02-11",6,
"338661","2015-02-11",6,
"338680","2014-12-18",18,
"338710","2015-01-07",56,
"338720","2015-01-15",38,
"338721","2015-01-15",7,
"338722","2015-01-15",0,
"338723","2015-01-15",4,
"338741","2015-03-31",0,
"338743","2015-03-31",6,
"338744","2015-03-31",7,
"338745","2015-03-31",8,
"338746","2015-03-31",5,
"338770","2014-12-22",4,
"338800","2015-02-05",73,
"338810","2015-04-14",70,
"338830","2014-12-30",26,
"338840","2014-12-23",0,
"338882","2015-02-11",21,
"338890","2015-01-29",34,
"338900","2014-12-18",1,
"338960","2015-02-12",22,
"338980","2015-02-26",34,
"266980","2014-11-26",2,
"351020","2015-02-17",9,
"351040","2015-03-31",0,
"351060","2015-03-03",0,
"351070","2015-02-23",0,
"351080","2015-03-25",3,
"351090","2015-05-18",17,
"351140","2015-03-18",187,
"351150","2015-03-18",29,
"351170","2015-03-06",7,
"351220","2015-04-06",8,
"351230","2015-04-21",8,
"351240","2015-03-23",12,
"351270","2015-03-06",0,
"351280","2015-03-06",0,
"351290","2015-04-16",1596,
"351340","2015-02-24",24,
"351390","2015-04-14",1,
"351400","2015-03-30",14,
"351420","2015-02-16",14,
"351430","2015-03-02",0,
"351450","2015-05-22",0,
"351460","2015-03-04",0,
"351461","2015-03-04",3,
"351470","2015-02-27",33,
"351490","2015-05-13",0,
"351540","2015-03-30",0,
"351555","2015-05-20",15,
"351556","2015-04-22",21,
"351570","2015-02-19",2011,
"351584","2015-03-19",0,
"351590","2015-03-26",10,
"351591","2015-03-26",24,
"351650","2015-03-12",0,
"351660","2015-04-07",0,
"351670","2015-02-20",0,
"351671","2015-02-20",0,
"351672","2015-02-20",0,
"351673","2015-02-20",0,
"351674","2015-02-21",0,
"351675","2015-02-20",0,
"351676","2015-02-21",0,
"351680","2015-02-27",1,
"351730","2015-02-23",26,
"351740","2015-02-26",1,
"351790","2015-03-02",265,
"351800","2015-05-21",693,
"351810","2015-05-01",1,
"351820","2015-05-01",7,
"351840","2015-03-30",126,
"351860","2015-03-26",3,
"351870","2015-03-26",6,
"351890","2015-02-26",282,
"351900","2015-03-02",193,
"351930","2015-03-31",1,
"351990","2015-05-05",25,
"339000","2014-12-18",88,
"339030","2015-03-10",10,
"339031","2015-03-10",0,
"339032","2015-03-10",1,
"339033","2015-03-10",4,
"339034","2015-03-10",6,
"339040","2015-02-24",8,
"339070","2014-12-17",8,
"339080","2014-12-18",1,
"339120","2014-12-18",487,
"339130","2015-02-17",46,
"339160","2015-02-23",37,
"339190","2015-03-24",66,
"339200","2015-02-19",225,
"339210","2015-04-22",0,
"339240","2015-01-22",53,
"339280","2015-04-09",1614,
"339290","2014-12-18",98,
"339330","2014-12-24",6,
"339350","2014-12-19",498,
"339360","2014-12-19",2,
"339380","2015-01-21",0,
"339381","2015-01-28",2,
"339382","2015-02-04",1,
"339383","2015-02-11",0,
"339384","2015-03-17",1,
"339385","2015-03-24",0,
"339386","2015-03-31",0,
"339387","2015-04-07",2,
"339388","2015-04-14",2,
"339389","2015-05-21",2,
"339390","2015-05-12",0,
"339391","2015-05-08",0,
"339400","2015-03-20",780,
"339410","2015-02-21",0,
"339430","2015-04-08",0,
"339460","2015-03-11",16,
"339470","2014-12-22",231,
"339480","2015-01-22",175,
"339490","2014-12-23",4,
"339500","2015-01-09",6,
"339510","2014-12-22",66,
"339520","2014-12-22",1,
"339530","2015-01-27",16,
"339540","2015-03-06",10,
"339550","2015-02-18",49,
"339570","2015-02-03",58,
"339610","2015-03-31",2082,
"339620","2014-12-22",1,
"339630","2015-02-09",0,
"339690","2015-03-12",8,
"339700","2015-04-06",79,
"339750","2014-12-24",4,
"339770","2015-01-24",0,
"339790","2015-03-02",51,
"339800","2015-01-13",2650,
"339820","2014-12-23",4,
"339840","2015-03-27",4,
"339850","2015-04-03",5,
"339860","2014-12-30",25,
"339870","2014-12-30",0,
"339890","2014-12-26",1,
"339900","2015-01-26",31,
"267778","2015-03-06",1,
"267780","2015-03-06",7,
"339960","2015-01-24",0,
"339961","2015-01-24",0,
"267830","2015-03-24",0,
"352000","2015-03-26",83,
"352010","2015-03-04",0,
"352021","2015-03-17",0,
"352030","2015-02-27",23,
"352070","2015-05-26",0,
"352080","2015-04-18",8,
"352111","2015-03-23",5,
"352120","2015-04-23",10,
"352130","2015-05-21",0,
"352140","2015-04-09",31,
"352190","2015-03-11",14,
"352230","2015-03-03",6,
"352280","2015-03-17",2,
"352290","2015-04-22",2,
"352320","2015-03-17",0,
"352321","2015-03-17",0,
"352322","2015-03-17",0,
"352323","2015-03-17",0,
"352324","2015-03-17",0,
"352325","2015-03-17",0,
"352326","2015-03-17",0,
"352327","2015-03-17",0,
"352328","2015-03-17",0,
"352329","2015-03-17",0,
"352330","2015-03-17",0,
"352331","2015-03-17",0,
"352332","2015-03-17",0,
"352333","2015-03-17",0,
"352334","2015-03-17",0,
"352335","2015-03-17",0,
"352337","2015-03-17",0,
"352338","2015-03-17",0,
"352339","2015-03-17",0,
"352340","2015-03-17",0,
"352341","2015-03-17",0,
"352342","2015-03-17",0,
"280180","2015-03-26",158,
"352430","2015-03-10",47,
"352490","2015-02-24",0,
"352520","2015-05-20",0,
"352540","2015-02-27",2,
"352590","2015-03-04",16,
"352610","2015-03-23",12,
"352620","2015-05-19",5,
"352640","2015-04-23",5,
"352680","2015-03-12",0,
"352710","2015-03-04",5,
"352730","2015-04-09",3,
"352740","2015-04-14",6,
"352780","2015-03-27",11,
"280600","2015-02-10",65,
"352850","2015-04-22",0,
"352950","2015-05-18",0,
"352960","2015-05-08",0,
"352980","2015-04-06",0,
"268080","2014-12-16",11,
"268320","2015-02-18",29,
"268340","2015-04-20",4,
"268870","2014-11-28",195,
"353000","2015-03-02",3,
"353020","2015-02-25",0,
"353050","2015-03-17",1,
"353051","2015-03-17",0,
"353052","2015-03-17",0,
"353053","2015-03-17",0,
"353060","2015-02-27",0,
"353070","2015-03-13",5,
"353090","2015-03-12",57,
"353110","2015-03-11",1,
"353140","2015-03-10",7,
"353240","2015-02-27",1,
"353260","2015-05-04",0,
"353280","2015-02-28",11,
"353300","2015-02-27",5,
"353320","2015-03-02",3,
"353330","2015-05-18",62,
"353340","2015-03-23",13,
"353360","2015-02-27",2035,
"353370","2015-03-05",0,
"353380","2015-03-05",0,
"353390","2015-03-05",0,
"353400","2015-03-05",0,
"353410","2015-03-05",0,
"353420","2015-03-05",0,
"353430","2015-03-05",0,
"353440","2015-03-05",0,
"353450","2015-03-05",0,
"353460","2015-03-05",0,
"353470","2015-03-05",0,
"353480","2015-03-05",0,
"353490","2015-03-05",0,
"353500","2015-03-05",0,
"353510","2015-03-05",0,
"353520","2015-03-05",0,
"353530","2015-03-05",0,
"353550","2015-04-16",14,
"353560","2015-03-05",884,
"353570","2015-05-14",4,
"353571","2015-05-14",3,
"353590","2015-03-09",6,
"353600","2015-03-17",3,
"353610","2015-03-11",9,
"353620","2015-03-17",8,
"353630","2015-05-21",5,
"353640","2015-05-07",40,
"353740","2015-03-04",0,
"353741","2015-03-04",0,
"353742","2015-03-04",0,
"353760","2015-03-19",3,
"353761","2015-04-21",3,
"353770","2015-05-21",0,
"353790","2015-03-03",2,
"353820","2015-04-27",3,
"353830","2015-05-19",0,
"353850","2015-03-03",0,
"353930","2015-03-04",1,
"353940","2015-05-08",17,
"353970","2015-04-07",2,
"353980","2015-05-21",6,
"281940","2015-01-27",349,
"269530","2014-11-19",65,
"269670","2015-01-29",4,
"354050","2015-04-06",20,
"354110","2015-03-12",0,
"354140","2015-03-03",4556,
"354170","2015-03-21",0,
"354171","2015-03-21",0,
"354180","2015-04-07",6,
"354190","2015-05-07",0,
"354230","2015-04-02",3,
"354240","2015-03-24",239,
"354260","2015-04-28",8,
"354300","2015-03-12",0,
"354310","2015-03-26",21,
"354320","2015-03-23",3,
"354350","2015-03-27",38,
"354380","2015-03-31",594,
"282201","2014-12-13",69,
"282210","2015-03-04",1169,
"354425","2015-05-12",10,
"354430","2015-04-28",42,
"354500","2015-03-11",974,
"282370","2014-11-26",0,
"354570","2015-03-29",0,
"354600","2015-04-23",3,
"354650","2015-05-25",13,
"354680","2015-04-02",46,
"354690","2015-03-31",4,
"282513","2014-12-02",16,
"282514","2015-01-13",36,
"282515","2015-02-10",14,
"282516","2015-02-27",17,
"354700","2015-03-12",1,
"354701","2015-04-23",0,
"354702","2015-03-12",3,
"354710","2015-04-21",43,
"354720","2015-04-14",3,
"354730","2015-03-25",6,
"282560","2015-03-05",0,
"354770","2015-04-02",10,
"282640","2015-01-14",15,
"354820","2015-05-11",1,
"354850","2015-03-10",19,
"354860","2015-04-30",8,
"354870","2015-03-21",95,
"354890","2015-05-05",0,
"354930","2015-04-15",8,
"354940","2015-03-06",0,
"354950","2015-04-27",5,
"354960","2015-03-16",18,
"354970","2015-03-16",27,
"282900","2015-01-21",2565,
"282960","2014-11-19",4,
"355050","2015-04-02",76,
"355060","2015-03-10",0,
"355070","2015-03-24",122,
"355080","2015-03-23",5,
"355090","2015-04-22",3,
"355100","2015-05-04",0,
"355130","2015-05-18",0,
"355140","2015-04-16",9,
"355150","2015-03-17",11,
"355200","2015-04-11",0,
"355201","2015-04-11",0,
"355202","2015-04-11",0,
"355203","2015-04-11",0,
"355204","2015-04-11",0,
"355205","2015-04-11",0,
"355206","2015-04-11",0,
"355207","2015-04-11",0,
"355208","2015-04-11",0,
"355209","2015-04-11",0,
"355210","2015-04-11",0,
"355250","2015-04-28",58,
"283080","2014-12-01",45,
"355260","2015-04-23",0,
"355262","2015-04-30",0,
"355270","2015-03-10",75,
"355290","2015-03-10",1,
"355300","2015-03-10",0,
"355320","2015-03-09",16,
"355340","2015-04-21",3,
"355341","2015-04-29",2,
"355360","2015-04-06",1,
"355380","2015-04-06",1,
"355410","2015-03-13",16,
"355420","2015-03-26",14,
"355430","2015-03-13",11,
"355520","2015-03-12",11,
"355530","2015-04-24",12,
"355550","2015-03-17",0,
"355570","2015-03-19",9,
"355590","2015-03-13",0,
"355640","2015-05-07",1,
"355650","2015-03-16",8,
"355660","2015-03-18",11,
"355730","2015-03-26",23,
"355760","2015-03-12",90,
"355770","2015-04-01",0,
"355830","2015-04-03",0,
"355840","2015-03-31",4881,
"355860","2015-05-22",0,
"355870","2015-03-20",0,
"355880","2015-04-07",0,
"355890","2015-03-10",53,
"355970","2015-04-22",38,
"355980","2015-03-17",29,
"355990","2015-03-17",8,
"283820","2014-12-09",35,
"283840","2014-12-09",26,
"356000","2015-03-13",71,
"356010","2015-03-13",0,
"356070","2015-04-08",14,
"356090","2015-05-13",11,
"356110","2015-05-04",8,
"356120","2015-03-20",0,
"356121","2015-03-24",0,
"356122","2015-04-02",0,
"356123","2015-03-26",0,
"356124","2015-05-08",0,
"356140","2015-04-09",1,
"356160","2015-04-04",3,
"356170","2015-04-16",0,
"356210","2015-05-07",2,
"356230","2015-05-01",0,
"356231","2015-05-01",0,
"284080","2015-02-03",0,
"356260","2015-03-25",25,
"356270","2015-03-25",12,
"356280","2015-03-25",6,
"356290","2015-03-25",2,
"356310","2015-04-30",613,
"356350","2015-04-20",0,
"356380","2015-03-19",26,
"356420","2015-05-08",29,
"356430","2015-03-17",44,
"356440","2015-03-26",1,
"356510","2015-05-26",0,
"356530","2015-03-31",17,
"356540","2015-05-26",0,
"356590","2015-03-17",6,
"356591","2015-03-17",11,
"356592","2015-03-17",2,
"356593","2015-03-17",6,
"284440","2014-12-17",24,
"356640","2015-05-22",0,
"356650","2015-05-05",0,
"356670","2015-04-22",1508,
"356710","2015-03-26",3,
"356741","2015-05-26",0,
"356770","2015-04-02",20,
"356780","2015-05-05",0,
"356790","2015-04-23",6,
"356800","2015-04-10",11,
"356810","2015-04-10",0,
"284680","2015-03-17",3,
"356860","2015-04-06",0,
"356880","2015-03-17",43,
"356940","2015-03-30",2,
"356970","2015-04-10",0,
"284810","2015-01-23",66,
"284910","2015-02-12",4,
"357040","2015-04-03",0,
"357060","2015-03-18",10,
"357070","2015-03-24",102,
"357080","2015-04-09",0,
"357110","2015-04-08",0,
"357160","2015-03-26",0,
"357161","2015-03-26",0,
"357162","2015-03-26",0,
"357163","2015-03-26",2,
"357170","2015-03-24",0,
"357171","2015-03-24",0,
"357200","2015-04-15",2,
"357240","2015-03-20",0,
"357250","2015-05-25",0,
"357260","2015-05-01",0,
"357261","2015-05-01",0,
"357262","2015-05-01",0,
"357280","2015-05-08",0,
"357290","2015-03-25",38,
"357300","2015-04-20",81,
"357320","2015-04-29",18,
"357330","2015-04-06",87,
"357360","2015-04-29",39,
"357370","2015-03-31",19,
"357380","2015-04-24",79,
"357400","2015-05-07",3,
"357410","2015-05-15",1,
"357440","2015-03-30",0,
"357450","2015-03-19",0,
"357460","2015-04-06",97,
"357470","2015-03-25",8,
"357600","2015-03-26",68,
"357650","2015-03-20",111,
"357660","2015-03-24",0,
"357670","2015-05-22",0,
"357710","2015-04-30",1,
"357711","2015-04-30",2,
"357720","2015-05-01",35,
"357730","2015-04-17",2,
"357770","2015-03-30",125,
"357780","2015-04-10",292,
"357790","2015-05-26",0,
"357800","2015-03-26",0,
"357820","2015-04-16",5,
"357830","2015-03-25",9,
"357840","2015-04-17",23,
"357850","2015-04-15",4,
"357890","2015-03-28",4,
"357900","2015-03-26",300,
"285730","2014-11-05",0,
"357910","2015-03-24",6,
"285740","2015-02-18",80,
"357920","2015-05-20",0,
"357930","2015-04-01",8,
"357940","2015-04-15",53,
"357980","2015-04-21",0,
"370000","2015-05-19",109,
"370001","2015-05-19",111,
"370040","2015-05-26",0,
"370070","2015-05-11",12,
"370080","2015-05-14",6,
"370100","2015-05-12",36,
"370150","2015-05-16",8,
"370190","2015-05-11",16,
"370230","2015-05-11",0,
"370300","2015-05-18",1,
"370310","2015-05-12",0,
"370400","2015-05-21",0,
"370401","2015-05-18",0,
"370402","2015-05-21",0,
"370500","2015-05-12",0,
"370520","2015-05-15",0,
"370530","2015-05-22",0,
"370550","2015-05-25",0,
"370570","2015-05-23",0,
"370580","2015-05-14",0,
"370640","2015-05-20",0,
"370720","2015-05-13",3,
"370930","2015-05-20",1,
"370931","2015-05-20",1,
"370960","2015-05-21",0,
"370970","2015-05-21",0,
"358000","2015-04-23",12,
"358010","2015-04-03",24,
"358020","2015-04-24",9,
"358070","2015-04-21",23,
"358090","2015-05-25",0,
"358110","2015-04-22",0,
"358130","2015-05-06",89,
"358140","2015-03-30",16,
"358141","2015-03-30",10,
"358142","2015-04-08",29,
"358143","2015-04-08",5,
"358150","2015-03-26",544,
"358170","2015-05-04",2,
"358180","2015-05-04",6,
"358190","2015-05-04",4,
"358200","2015-05-04",4,
"358210","2015-05-04",4,
"358220","2015-05-04",0,
"358230","2015-05-04",0,
"358240","2015-05-04",1,
"358250","2015-05-04",6,
"358260","2015-05-04",6,
"358270","2015-05-04",3,
"358280","2015-05-04",7,
"358290","2015-05-04",5,
"358300","2015-05-04",2,
"358310","2015-05-04",2,
"358320","2015-05-04",1,
"358330","2015-05-04",3,
"358340","2015-05-04",4,
"358350","2015-05-04",0,
"358360","2015-05-04",10,
"358370","2015-05-04",3,
"358380","2015-05-04",3,
"358390","2015-05-04",2,
"358400","2015-05-04",1,
"358410","2015-05-04",2,
"286240","2014-12-02",47,
"358420","2015-05-04",3,
"358430","2015-05-04",7,
"358440","2015-05-04",1,
"286280","2015-03-05",32,
"358480","2015-03-31",41,
"358610","2015-03-23",1,
"358620","2015-03-23",0,
"358700","2015-03-24",8,
"286570","2015-03-27",0,
"358770","2015-03-26",24,
"358800","2015-05-26",0,
"358820","2015-04-02",4,
"358850","2015-04-01",7,
"358870","2015-04-10",0,
"358910","2015-03-26",0,
"358950","2015-04-15",0,
"358960","2015-04-23",39,
"358970","2015-03-25",0,
"286991","2014-11-05",1,
"214130","2014-10-30",80,
"371070","2015-05-22",0,
"371100","2015-05-18",0,
"371110","2015-05-26",0,
"371130","2015-05-14",1,
"371160","2015-05-20",1,
"371170","2015-05-20",2,
"371190","2015-05-19",11,
"371230","2015-05-26",0,
"371270","2015-05-26",0,
"371330","2015-05-18",8,
"371370","2015-05-16",0,
"371390","2015-05-26",0,
"371400","2015-05-14",4,
"371420","2015-05-20",10,
"371440","2015-05-19",5,
"371500","2015-05-15",9,
"371530","2015-05-20",0,
"371550","2015-05-20",2,
"371600","2015-05-22",0,
"371710","2015-05-16",3,
"371740","2015-05-19",0,
"371790","2015-05-25",1,
"371800","2015-05-14",7,
"371890","2015-05-18",0,
"371900","2015-05-21",0,
"371960","2015-05-22",0,
"359040","2015-04-30",22,
"359070","2015-03-24",15,
"359080","2015-03-27",3,
"359090","2015-04-01",15,
"359110","2015-03-23",0,
"359120","2015-03-24",0,
"359130","2015-05-06",0,
"359180","2015-03-31",0,
"359190","2015-04-20",0,
"359220","2015-04-17",16,
"359260","2015-05-15",1,
"359280","2015-05-08",12,
"359290","2015-03-27",21,
"359300","2015-04-22",0,
"287140","2015-04-07",22,
"359320","2015-04-02",2007,
"359370","2015-04-17",52,
"359400","2015-05-12",18,
"359410","2015-03-29",36,
"359440","2015-05-26",0,
"359480","2015-05-12",0,
"359500","2015-04-16",1,
"359520","2015-04-02",4,
"359521","2015-04-02",5,
"359522","2015-05-12",1,
"359540","2015-04-02",1,
"359550","2015-03-30",0,
"359560","2015-03-26",20,
"359580","2015-03-26",75,
"359590","2015-04-16",0,
"359630","2015-05-08",2,
"359650","2015-05-08",14,
"359670","2015-04-22",1,
"359760","2015-04-27",0,
"359780","2015-05-20",6,
"359800","2015-04-02",634,
"359810","2015-03-31",20,
"359850","2015-05-04",6,
"287680","2014-11-13",1578,
"359890","2015-04-29",0,
"359900","2015-05-11",177,
"359920","2015-03-27",48,
"359930","2015-05-26",32,
"359950","2015-04-02",4,
"287960","2015-05-06",46,
"372020","2015-05-19",1,
"372070","2015-05-15",0,
"372100","2015-05-15",0,
"372170","2015-05-15",0,
"372180","2015-05-20",0,
"372280","2015-05-23",0,
"372390","2015-05-21",3,
"372400","2015-05-15",1,
"372480","2015-05-26",0,
"372520","2015-05-21",0,
"372550","2015-05-15",0,
"372580","2015-05-19",2,
"372670","2015-05-18",1,
"372700","2015-05-18",2,
"372730","2015-05-26",0,
"372770","2015-05-26",0,
"372860","2015-05-25",2,
"372870","2015-05-20",0,
"372890","2015-05-22",0,
"372930","2015-05-22",1,
"300080","2014-12-03",1400,
"288140","2015-01-15",185,
"300120","2015-03-17",17,
"300200","2015-01-30",34,
"300340","2015-01-23",57,
"300570","2015-01-19",264,
"288670","2014-11-19",4,
"300620","2014-11-26",6,
"300640","2014-12-19",2,
"300840","2014-12-06",23,
"288930","2015-02-19",84,
"288940","2015-04-16",0,
"300960","2015-01-22",49,
"216438","2014-10-30",0,
"373090","2015-05-26",0,
"216670","2014-12-11",19,
"373110","2015-05-22",446,
"373140","2015-05-26",0,
"373190","2015-05-21",0,
"373220","2015-05-21",0,
"373250","2015-05-19",0,
"373280","2015-05-26",0,
"373290","2015-05-26",0,
"373440","2015-05-26",0,
"373711","2015-05-23",1,
"373780","2015-05-26",0,
"373960","2015-05-26",0,
"301120","2015-03-26",205,
"301210","2015-05-22",1,
"289550","2014-12-11",6,
"301560","2015-02-03",82,
"301640","2015-01-08",610,
"289780","2015-03-05",191,
"301780","2014-10-30",0,
"289880","2014-12-16",85,
"289881","2014-12-16",333,
"289910","2014-12-09",16,
"301920","2014-12-29",36,
"374160","2015-05-26",0,
"374220","2015-05-26",0,
"302010","2014-11-18",210,
"302020","2015-05-22",0,
"302030","2015-05-22",0,
"230290","2014-12-25",0,
"302570","2014-12-16",24,
"302830","2014-12-19",8776,
"34200","2015-01-06",1,
"303260","2014-12-10",34,
"303550","2015-03-16",13,
"303690","2014-11-12",61,
"303800","2014-11-24",150,
"303820","2014-11-01",56,
"303830","2014-11-27",20,
"303910","2014-11-04",5,
"219070","2014-11-20",15,
"304010","2014-11-27",54,
"304030","2015-03-26",1519,
"304212","2015-04-29",692,
"304380","2014-11-04",184,
"304540","2015-01-13",4,
"304710","2015-04-28",4,
"304910","2015-01-08",80,
"304950","2015-05-04",25,
"36100","2014-10-30",11,
"305380","2015-03-27",179,
"305460","2015-02-26",10,
"305500","2015-03-16",26,
"305660","2015-01-28",26,
"305740","2014-11-06",25,
"233610","2014-12-02",908,
"305800","2014-12-09",52,
"305880","2014-11-11",9,
"305940","2014-12-24",96,
"306020","2014-11-19",496,
"306100","2015-03-21",0,
"234000","2014-10-30",606,
"306340","2015-01-19",6,
"306370","2014-10-31",13,
"306390","2015-04-16",6,
"306395","2015-01-08",7,
"306397","2015-02-12",10,
"306398","2014-11-06",11,
"306399","2015-03-26",7,
"306440","2015-01-29",73,
"306610","2014-12-20",6,
"306670","2015-04-23",0,
"306930","2015-01-08",45,
"38230","2015-03-27",14,
"307030","2015-01-20",15,
"307210","2015-03-02",24,
"307230","2014-12-01",567,
"307430","2015-03-11",12,
"235380","2015-04-30",211,
"307580","2015-04-29",44,
"307590","2015-05-05",0,
"307600","2015-02-17",17,
"235540","2015-03-17",0,
"307780","2015-02-03",6946,
"307880","2015-01-15",945,
"320090","2015-05-08",0,
"320140","2015-03-23",0,
"320150","2014-11-06",112,
"320300","2015-04-23",533,
"320350","2015-03-11",34,
"320351","2015-03-18",26,
"320352","2015-03-18",14,
"320353","2015-03-18",15,
"320360","2015-02-25",5,
"320361","2015-02-25",14,
"320362","2015-02-25",3,
"320363","2015-02-25",0,
"320364","2015-02-25",1,
"320370","2015-02-25",21,
"320371","2015-02-25",19,
"320372","2015-02-25",18,
"320380","2015-02-25",3,
"320381","2015-02-25",0,
"320382","2015-02-25",0,
"320383","2015-02-25",14,
"320384","2015-02-25",0,
"320385","2015-02-25",0,
"320386","2015-02-25",1,
"320387","2015-02-25",0,
"320388","2015-02-25",0,
"320400","2014-12-01",35,
"320430","2014-12-16",70,
"320520","2015-02-17",38,
"320540","2015-02-10",115,
"320590","2014-12-16",201,
"320610","2014-12-18",31,
"320670","2014-10-30",26,
"320760","2015-02-12",216,
"320820","2015-02-13",230,
"320830","2014-12-04",2,
"320860","2015-02-04",0,
"320986","2015-02-24",8,
"320987","2015-02-24",7,
"320988","2015-02-24",5,
"320989","2015-02-24",13,
"308172","2014-12-04",1,
"236110","2014-11-22",1439,
"308440","2015-01-12",15,
"308520","2015-03-25",29,
"308560","2015-03-23",0,
"236690","2015-03-27",0,
"321010","2014-11-25",7,
"321040","2015-04-01",1218,
"321070","2014-11-14",4,
"321080","2014-11-07",9,
"321100","2015-01-10",1,
"321140","2015-05-20",1,
"321141","2015-05-20",1,
"321142","2015-05-19",1,
"321250","2015-05-06",0,
"321260","2014-11-12",471,
"321280","2014-11-14",52,
"321300","2014-11-13",2346,
"321380","2015-05-01",0,
"321430","2015-01-27",87,
"321450","2015-03-25",9,
"321490","2014-11-20",23,
"321540","2014-12-11",18,
"321660","2014-11-28",23,
"321860","2014-11-21",130,
"321880","2015-01-17",0,
"321890","2015-02-14",1,
"321950","2014-12-09",192,
"321960","2015-04-09",0,
"321990","2015-01-06",2,
"237550","2015-01-15",127,
"322020","2014-12-11",16,
"322021","2014-12-11",8,
"322022","2014-12-11",13,
"322030","2015-02-05",2,
"322110","2014-11-25",47,
"322140","2015-05-21",0,
"322141","2015-05-22",0,
"322150","2015-03-27",0,
"322151","2015-03-27",0,
"322152","2015-03-27",0,
"322153","2015-03-27",0,
"322170","2014-12-22",5753,
"322210","2015-04-07",136,
"250070","2015-01-16",11,
"322290","2015-02-18",160,
"322300","2014-12-22",501,
"322330","2014-12-15",11175,
"322410","2014-11-28",2,
"322480","2014-11-03",0,
"250310","2014-11-11",0,
"322510","2014-11-26",1,
"322520","2015-02-27",273,
"322540","2015-02-06",20,
"322550","2015-02-24",9,
"322610","2014-10-30",25,
"322670","2014-10-30",2,
"322700","2015-05-18",16,
"250580","2015-02-13",1154,
"322900","2015-01-09",200,
"322910","2015-04-09",327,
"322920","2014-12-10",1735,
"322930","2014-11-06",37,
"322970","2015-05-21",0,
"238340","2015-03-24",10,
"323000","2014-11-20",10,
"323020","2015-01-24",3,
"323220","2014-12-17",201,
"323230","2014-11-18",1,
"323240","2014-11-07",54,
"251130","2015-04-14",501,
"323320","2015-01-22",1057,
"323340","2015-02-25",11,
"323341","2015-02-25",21,
"323380","2015-05-13",30,
"323420","2014-11-26",11,
"323450","2014-12-22",20,
"323630","2014-12-16",9,
"323650","2015-02-28",1,
"323670","2015-05-01",9,
"323720","2015-02-11",84,
"323770","2014-11-11",0,
"323780","2014-11-24",71,
"323900","2015-04-09",186,
"324050","2015-05-01",9,
"324070","2014-11-28",75,
"324080","2014-12-01",719,
"324130","2014-11-07",29,
"324140","2015-04-17",23,
"324240","2014-12-15",11,
"324250","2014-11-07",9,
"324260","2015-01-26",235,
"324270","2015-05-01",0,
"324300","2015-04-28",2,
"324331","2014-11-28",46,
"324332","2015-01-20",28,
"324342","2015-01-27",45,
"324343","2015-02-12",12,
"324344","2015-03-11",93,
"324350","2015-02-18",0,
"324351","2015-02-18",0,
"324352","2015-02-18",2,
"324360","2015-02-02",8,
"324420","2014-11-05",36,
"324450","2014-12-11",6,
"324510","2014-11-07",221,
"324570","2015-04-16",94,
"252450","2015-04-02",774,
"324710","2015-01-23",31,
"324750","2014-11-14",20,
"324790","2014-10-30",19,
"324810","2015-01-16",1217,
"324910","2015-05-24",0,
"324912","2015-02-26",0,
"324913","2014-10-30",0,
"325060","2015-02-19",50,
"325080","2014-12-01",70,
"325100","2014-11-03",143,
"325120","2015-03-12",0,
"325130","2014-11-24",0,
"325131","2015-01-05",2,
"325132","2015-01-14",0,
"325135","2014-12-18",2,
"325136","2014-11-27",1,
"325137","2014-11-20",0,
"325138","2015-01-05",0,
"325139","2014-11-06",1,
"325150","2014-12-12",46,
"325180","2014-11-18",43,
"325330","2015-04-08",2,
"253190","2015-03-27",95,
"253290","2014-11-06",194,
"325470","2014-12-04",16,
"325490","2014-12-04",9,
"325520","2014-12-04",66,
"253390","2015-02-13",61,
"325600","2015-02-12",0,
"325660","2014-12-12",0,
"253530","2015-03-23",399,
"325723","2015-05-19",31,
"325790","2015-03-19",25,
"325870","2014-12-12",27,
"325880","2015-01-13",32,
"326060","2015-03-04",0,
"326120","2015-04-27",0,
"326160","2014-11-13",471,
"326190","2014-12-18",46,
"326210","2014-11-05",1,
"326310","2015-05-26",0,
"326350","2014-12-02",0,
"326380","2015-02-13",10,
"326440","2014-11-14",0,
"326460","2015-03-10",83,
"326470","2014-11-04",17,
"326480","2014-11-18",488,
"326510","2015-05-01",1,
"326590","2014-11-15",19,
"326621","2015-05-06",3,
"326622","2015-05-06",2,
"326623","2015-05-06",8,
"326624","2015-05-06",0,
"326630","2014-11-18",29,
"326650","2015-02-10",25,
"326670","2014-12-12",256,
"326720","2014-11-24",109,
"326730","2014-11-14",31,
"327010","2014-11-19",77,
"327060","2015-05-19",0,
"327090","2015-04-17",0,
"327100","2014-12-11",8,
"327130","2015-02-19",74,
"327170","2014-11-12",5,
"327171","2014-11-12",6,
"327172","2014-11-12",7,
"327173","2014-12-17",15,
"327174","2015-01-21",27,
"327175","2014-12-09",40,
"327176","2015-03-03",8,
"327177","2015-02-17",27,
"327191","2015-01-26",0,
"327200","2015-02-20",0,
"327230","2014-11-18",0,
"327280","2014-12-04",308,
"327310","2014-11-06",63,
"327370","2014-11-24",14,
"327410","2014-10-30",2260,
"327440","2014-10-31",145,
"327450","2015-04-18",6,
"327470","2015-02-24",0,
"327490","2014-12-01",9,
"327500","2015-04-02",9,
"327520","2015-02-28",0,
"327610","2014-11-07",1,
"327640","2015-01-20",779,
"327670","2015-02-23",321,
"327770","2015-01-15",12,
"327830","2014-10-30",110,
"327831","2014-10-30",8,
"327840","2014-12-04",2,
"327880","2015-02-26",0,
"327890","2014-11-26",2154,
"327960","2014-12-15",10,
"327980","2015-04-03",8,
"340010","2015-03-14",0,
"340030","2015-01-01",15,
"340050","2015-01-20",285,
"340070","2015-01-26",18,
"340080","2015-03-02",10,
"340090","2015-05-19",0,
"340110","2014-12-30",2,
"340120","2015-02-05",32,
"340130","2015-02-20",7,
"340150","2015-04-30",235,
"340200","2015-01-14",13,
"340210","2015-02-04",17,
"340220","2015-01-02",41,
"340230","2015-02-18",1,
"340231","2015-02-18",1,
"340232","2015-02-18",1,
"340233","2015-02-18",2,
"340280","2015-01-07",171,
"340290","2015-01-02",21,
"340300","2015-01-08",31,
"340310","2015-01-16",20,
"340330","2015-01-12",8,
"340340","2015-04-10",267,
"340350","2015-05-12",107,
"340360","2015-01-13",31,
"340380","2015-01-29",8,
"340390","2015-02-07",27,
"340400","2015-01-08",4,
"340410","2015-02-23",2,
"340440","2015-01-16",18,
"340450","2015-02-03",17,
"340460","2015-01-06",632,
"340470","2015-02-19",40,
"340480","2015-01-16",10,
"340490","2015-04-03",19,
"340520","2015-01-27",131,
"340540","2015-03-09",388,
"340550","2014-12-31",52,
"340570","2015-01-02",13,
"340580","2015-03-23",0,
"340600","2014-12-31",13,
"340610","2015-02-21",19,
"340630","2015-01-05",79,
"340650","2015-01-12",11,
"340661","2015-05-25",0,
"340670","2015-05-25",0,
"340720","2015-01-30",10,
"340730","2015-01-12",109,
"340740","2014-12-31",70,
"340750","2015-01-07",18,
"340800","2015-01-09",113,
"340810","2015-04-20",309,
"340820","2015-01-19",12,
"340860","2015-03-23",8,
"340880","2015-01-06",14,
"340890","2015-01-09",0,
"340920","2015-02-05",6,
"340950","2015-02-09",10,
"340970","2015-05-19",0,
"340990","2015-02-24",1,
"328060","2015-02-12",359,
"328070","2014-11-05",403,
"328100","2014-11-03",46,
"328110","2015-03-13",1,
"328140","2014-10-30",309,
"328170","2014-11-06",0,
"328171","2014-11-06",1,
"328220","2015-04-17",30,
"328230","2014-11-07",20,
"328260","2014-11-27",5,
"328270","2014-11-17",53,
"328280","2014-11-05",0,
"328290","2014-11-05",0,
"328310","2014-10-30",30,
"328390","2014-11-26",21,
"328480","2014-12-23",0,
"328500","2014-11-13",137,
"328530","2014-10-31",3,
"328580","2014-12-09",1,
"328600","2014-10-31",123,
"328640","2014-11-17",19,
"328650","2015-04-15",6,
"328670","2015-01-14",9,
"328680","2014-11-14",7,
"328690","2014-11-07",1,
"328700","2014-12-05",17,
"328710","2015-04-28",19,
"328730","2014-11-18",166,
"328740","2015-01-20",24,
"328760","2014-12-12",491,
"328802","2014-11-24",32,
"328803","2014-11-24",2,
"328804","2014-11-24",4,
"328815","2014-11-15",0,
"328816","2014-11-14",0,
"328817","2014-11-14",0,
"328818","2014-11-14",1,
"328830","2014-11-19",49,
"328870","2014-11-24",11,
"328880","2014-11-24",14,
"328890","2014-12-10",4,
"328900","2014-10-30",13,
"328920","2014-10-30",26,
"328930","2014-10-30",7,
"328940","2014-11-26",146,
"328990","2014-10-30",31,
"341000","2015-01-05",439,
"341020","2015-03-17",57,
"341060","2015-01-14",40,
"341070","2015-01-30",14,
"341080","2015-02-24",8,
"341090","2015-02-06",15,
"341120","2015-03-02",62,
"341140","2015-02-12",0,
"341141","2015-02-12",0,
"341150","2015-03-18",15,
"341160","2015-01-31",3,
"341210","2015-01-20",0,
"341220","2015-01-21",0,
"341260","2015-03-02",4,
"341310","2015-02-24",17,
"341320","2015-01-20",0,
"341340","2015-04-14",0,
"341360","2015-02-11",10,
"341380","2015-01-06",13,
"341390","2015-01-26",58,
"341410","2015-02-27",3,
"341440","2015-01-26",43,
"341450","2015-02-02",0,
"341460","2015-02-02",2,
"341470","2015-01-23",21,
"341480","2015-01-31",1,
"341500","2015-02-10",9,
"341510","2015-03-02",21,
"341530","2015-01-14",18,
"341540","2015-01-06",9,
"341610","2015-04-01",0,
"341640","2015-04-06",3,
"341660","2015-05-18",0,
"341680","2015-04-03",0,
"341690","2015-02-25",17,
"341700","2015-01-13",51,
"341710","2015-04-06",13,
"341720","2015-01-16",899,
"341730","2015-03-02",16,
"341750","2015-01-06",8,
"341760","2015-04-22",10,
"341770","2015-05-15",5,
"341780","2015-01-15",8,
"341790","2015-05-21",0,
"341810","2015-01-23",18,
"341820","2015-02-13",19,
"341840","2015-02-10",6,
"341841","2015-02-10",4,
"341842","2015-02-10",14,
"341843","2015-02-10",1,
"341844","2015-02-10",5,
"341845","2015-02-10",5,
"341846","2015-02-10",2,
"341847","2015-02-10",6,
"341848","2015-02-10",9,
"341849","2015-02-10",5,
"341850","2015-02-10",3,
"341860","2015-01-28",87,
"341910","2015-04-17",9,
"341930","2015-02-27",26,
"341940","2015-02-12",0,
"341950","2015-04-13",48,
"341960","2015-02-16",9,
"341990","2015-03-06",1,
"329010","2014-12-16",74,
"329011","2014-12-16",6,
"329012","2014-12-16",18,
"329013","2014-12-16",0,
"329050","2015-03-23",0,
"329100","2014-11-11",3,
"329110","2014-11-20",897,
"329130","2014-11-25",451,
"329190","2014-12-04",43,
"329200","2015-01-13",57,
"329240","2015-02-27",37,
"329260","2014-11-26",8,
"329270","2015-01-07",1,
"329370","2014-10-30",5,
"329380","2015-04-13",13,
"329430","2015-04-14",497,
"257260","2014-11-26",17,
"329460","2015-01-12",122,
"329490","2015-01-21",380,
"329500","2014-10-30",10,
"329510","2014-10-30",1,
"329530","2015-03-13",82,
"329550","2014-11-04",0,
"329551","2014-11-04",0,
"329600","2014-10-30",0,
"329610","2015-03-27",66,
"329620","2014-11-06",10,
"329630","2014-11-06",7,
"329640","2014-11-06",11,
"329650","2014-11-06",38,
"329660","2014-11-06",2,
"329670","2014-11-06",7,
"329680","2014-11-06",6,
"329690","2014-12-02",35,
"329760","2014-11-12",1,
"329770","2015-01-02",43,
"329820","2014-11-15",0,
"329821","2014-11-14",2,
"329822","2014-10-31",3,
"329823","2014-11-07",47,
"329890","2015-02-06",27,
"329950","2014-11-01",264,
"329960","2014-10-30",69,
"329970","2015-02-03",87,
"329980","2015-03-02",7,
"342000","2015-01-14",30,
"342010","2015-05-06",11,
"342020","2015-01-27",31,
"342050","2015-02-16",0,
"342051","2015-02-16",0,
"342090","2015-04-17",6,
"342100","2015-02-11",17,
"342150","2015-05-22",3,
"342180","2015-05-21",0,
"342190","2015-03-19",0,
"342230","2015-01-28",34,
"342240","2015-02-16",7,
"342250","2015-04-28",0,
"342260","2015-03-31",36,
"342270","2015-02-24",0,
"342300","2015-02-19",71,
"342310","2015-04-23",0,
"342330","2015-01-07",0,
"342350","2015-02-04",64,
"342360","2015-01-14",38,
"342370","2015-05-19",12,
"342380","2015-01-16",536,
"342430","2015-03-21",3,
"342450","2015-02-11",22,
"342480","2015-02-24",377,
"342490","2015-02-13",71,
"342500","2015-01-16",13,
"342510","2015-01-28",21,
"342520","2015-04-14",10,
"270370","2014-12-04",1109,
"342550","2015-04-30",74,
"342560","2015-02-20",56,
"342570","2015-02-27",276,
"342580","2015-03-06",37,
"342610","2015-01-13",71,
"342620","2015-02-25",109,
"342630","2015-01-15",4,
"342650","2015-02-12",12,
"342680","2015-01-22",18,
"342740","2015-01-29",33,
"342750","2015-01-20",0,
"342751","2015-01-20",0,
"342752","2015-01-20",0,
"342753","2015-01-20",0,
"342754","2015-01-20",3,
"342755","2015-01-27",0,
"342756","2015-01-27",0,
"342757","2015-01-27",0,
"342758","2015-01-27",0,
"342759","2015-01-27",0,
"342760","2015-01-27",0,
"342761","2015-02-03",0,
"342762","2015-02-03",0,
"342763","2015-02-03",1,
"342764","2015-02-03",0,
"342765","2015-02-03",0,
"342766","2015-02-10",0,
"342767","2015-02-10",0,
"342768","2015-02-10",1,
"342769","2015-02-10",0,
"342770","2015-02-17",0,
"342771","2015-02-17",0,
"342772","2015-02-17",0,
"342773","2015-02-17",0,
"342774","2015-02-17",0,
"342775","2015-02-17",0,
"342776","2015-02-24",0,
"342777","2015-02-24",0,
"342778","2015-02-24",0,
"342779","2015-02-24",0,
"342780","2015-03-03",0,
"342781","2015-03-03",0,
"342782","2015-03-03",0,
"342783","2015-03-03",0,
"342784","2015-03-03",0,
"342785","2015-03-03",0,
"342786","2015-03-10",0,
"342787","2015-03-10",0,
"342788","2015-03-10",0,
"342789","2015-03-10",1,
"342790","2015-03-17",0,
"342791","2015-03-17",0,
"342792","2015-03-17",0,
"342793","2015-03-17",0,
"342794","2015-03-17",0,
"342795","2015-03-17",1,
"342796","2015-03-24",0,
"342797","2015-03-24",0,
"342798","2015-03-24",0,
"342799","2015-03-24",0,
"342800","2015-03-24",0,
"342801","2015-03-31",0,
"342802","2015-03-31",0,
"342803","2015-03-31",0,
"342804","2015-03-31",0,
"342805","2015-04-01",0,
"342806","2015-03-31",1,
"342807","2015-04-07",0,
"342808","2015-04-07",0,
"342809","2015-04-07",0,
"342810","2015-04-07",0,
"342811","2015-04-07",1,
"342812","2015-04-14",0,
"342813","2015-04-14",0,
"342814","2015-04-14",0,
"342815","2015-04-14",0,
"342816","2015-04-21",0,
"342817","2015-04-21",0,
"342818","2015-04-21",0,
"342819","2015-04-21",0,
"342820","2015-04-21",0,
"342821","2015-04-21",0,
"342822","2015-04-28",0,
"342823","2015-04-28",0,
"342824","2015-04-28",0,
"342825","2015-04-28",5,
"342826","2015-05-06",0,
"342827","2015-05-06",0,
"342828","2015-05-06",0,
"342829","2015-05-06",1,
"342830","2015-05-06",0,
"342831","2015-05-05",1,
"342832","2015-05-12",0,
"342833","2015-05-12",0,
"342834","2015-05-12",0,
"342835","2015-05-12",1,
"342836","2015-05-19",0,
"342837","2015-05-19",0,
"342838","2015-05-19",0,
"342839","2015-05-19",0,
"342840","2015-05-19",0,
"342841","2015-05-19",1,
"342842","2015-05-26",0,
"342843","2015-05-26",0,
"342844","2015-05-26",0,
"342860","2015-01-21",26,
"342870","2015-03-05",31,
"342880","2015-01-22",23,
"342890","2015-03-06",32,
"342970","2015-03-20",57,
"342980","2015-02-06",725,
"342990","2015-04-01",3,
"270810","2015-03-26",26,
"270830","2014-11-03",20,
"270870","2015-01-27",0,
"270871","2015-01-27",0,
"270942","2014-11-24",5,
"258160","2015-01-22",1223,
"258402","2014-11-18",1,
"258403","2014-11-18",0,
"258404","2014-11-18",0,
"258405","2014-11-19",0,
"258406","2014-11-18",0,
"258407","2014-11-18",0,
"258641","2014-11-25",12,
"258642","2015-02-19",5,
"258663","2015-01-08",16,
"258668","2015-01-22",14,
"258671","2014-12-05",7,
"258674","2014-12-04",5,
"258679","2015-01-15",25,
"258800","2014-11-06",20,
"258910","2015-01-06",87,
"343000","2015-04-07",10,
"343020","2015-01-30",6,
"343070","2015-03-19",88,
"343100","2015-01-26",291,
"343120","2015-01-19",31,
"343140","2015-02-24",0,
"343170","2015-03-16",14,
"343180","2015-03-17",1,
"343250","2015-01-27",3,
"343270","2015-01-16",209,
"343280","2015-02-18",54,
"343290","2015-01-23",0,
"343300","2015-02-12",0,
"343320","2015-01-30",5,
"343330","2015-02-24",279,
"343340","2015-04-17",0,
"343360","2015-01-30",129,
"343370","2015-01-30",32,
"343380","2015-01-30",0,
"343390","2015-04-06",2,
"271240","2015-02-12",470,
"343420","2015-02-26",0,
"343421","2015-03-05",0,
"343422","2015-03-20",0,
"343423","2015-03-27",0,
"343424","2015-04-02",1,
"343425","2015-04-09",0,
"343426","2015-04-16",0,
"343430","2015-01-26",10,
"343440","2015-05-22",0,
"343460","2015-02-23",92,
"343461","2015-03-18",58,
"271332","2015-04-22",4,
"343510","2015-01-26",0,
"343570","2015-03-19",0,
"343580","2015-01-30",8,
"343600","2015-03-12",31,
"343610","2015-03-12",15,
"343611","2015-03-12",92,
"343612","2015-03-12",1,
"343613","2015-03-12",1,
"343614","2015-03-12",0,
"343615","2015-03-12",1,
"343630","2015-02-12",235,
"271479","2014-12-09",4,
"271480","2014-12-09",0,
"271481","2014-12-09",0,
"343710","2015-05-21",0,
"343720","2015-01-19",2,
"343740","2015-01-19",163,
"343750","2015-01-29",288,
"343760","2015-01-21",1,
"343770","2015-03-05",5,
"343780","2015-01-19",374,
