"appid","query_date","bundles"
"343800","2015-01-26",
"343810","2015-01-26",
"343820","2015-01-26",
"343830","2015-01-26",
"343840","2015-02-04",
"343930","2015-05-21",
"343940","2015-03-13",
"343950","2015-01-21",
"343951","2015-02-03",
"343952","2015-01-28",
"343953","2015-05-12",
"343955","2015-02-11",
"343956","2015-05-13",
"343959","2015-04-14",
"343970","2015-01-17",
"271950","2015-01-09",
"271990","2015-01-23",
"259410","2014-11-10",
"259570","2015-01-30",
"344000","2015-04-20",
"344030","2015-01-24",
"344040","2015-03-18",
"344050","2015-02-05",
"344060","2015-04-29",
"344070","2015-04-28",
"344080","2015-04-29",
"344090","2015-04-28",
"344140","2015-01-22",
"344150","2015-02-11",
"344160","2015-04-02",
"344200","2015-04-22",
"344220","2015-02-12",
"344230","2015-02-10",
"272080","2014-11-05",
"272083","2014-11-05",
"272084","2014-11-05",
"344260","2015-05-26",
"272090","2014-11-05",
"344270","2015-02-10",
"344290","2015-01-29",
"344300","2015-02-06",
"344340","2015-02-02",
"272230","2014-10-30",
"344410","2015-01-19",
"344450","2015-05-07",
"344460","2015-02-06",
"344461","2015-03-17",
"344462","2015-04-14",
"344470","2015-01-16",
"344480","2015-05-09",
"344490","2015-01-20",
"344500","2015-02-19",
"344510","2015-01-21",
"344530","2015-03-26",
"344550","2015-04-17",
"344551","2015-04-17",
"344630","2015-01-29",
"272490","2014-11-17",
"344730","2015-02-03",
"344750","2015-01-26",
"344760","2015-03-02",
"344790","2015-01-30",
"344800","2015-03-13",
"344810","2015-03-13",
"344840","2015-03-04",
"344860","2015-01-29",
"344880","2015-03-02",
"344910","2015-04-03",
"344920","2015-02-10",
"344960","2015-03-17",
"345000","2015-01-29",
"345010","2015-02-10",
"345030","2015-02-10",
"345050","2015-02-28",
"345060","2015-03-03",
"345080","2015-05-14",
"345090","2015-02-03",
"345120","2015-03-17",
"345130","2015-02-27",
"345140","2015-04-02",
"345150","2015-01-20",
"345170","2015-01-28",
"345180","2015-02-05",
"345200","2015-02-05",
"345220","2015-02-03",
"345280","2015-01-26",
"345290","2015-01-28",
"345300","2015-01-28",
"345310","2015-01-28",
"345340","2015-04-28",
"345370","2015-03-19",
"345470","2015-01-28",
"345520","2015-03-06",
"345540","2015-02-19",
"345555","2015-04-22",
"345556","2015-04-22",
"345557","2015-04-22",
"345558","2015-04-22",
"345562","2015-04-22",
"345570","2015-02-06",
"345580","2015-02-06",
"345610","2015-05-14",
"345640","2015-02-16",
"345650","2015-01-23",
"345660","2015-02-07",
"345670","2015-01-23",
"345710","2015-02-12",
"345740","2015-04-02",
"345750","2015-02-09",
"345790","2015-01-26",
"345800","2015-02-03",
"345820","2015-04-22",
"345860","2015-01-23",
"345870","2015-02-18",
"345890","2015-05-22",
"345900","2015-03-29",
"273750","2014-12-18",
"345930","2015-04-02",
"273790","2015-04-16",
"345980","2015-03-10",
"273830","2014-11-04",
"273840","2014-12-18",
"273850","2014-11-17",
"273860","2014-11-25",
"346010","2015-01-28",
"346040","2015-03-26",
"346060","2015-02-24",
"346070","2015-04-22",
"346071","2015-04-22",
"346080","2015-02-02",
"346110","2015-05-11",
"346120","2015-02-20",
"346130","2015-04-29",
"346140","2015-02-27",
"346150","2015-04-06",
"346160","2015-02-03",
"346170","2015-02-21",
"346180","2015-02-12",
"346200","2015-02-05",
"346210","2015-02-02",
"346230","2015-02-20",
"346240","2015-01-26",
"346250","2015-01-26",
"346270","2015-03-05",
"346280","2015-02-27",
"346290","2015-02-02",
"346310","2015-01-26",
"346311","2015-01-26",
"346320","2015-01-27",
"346340","2015-05-09",
"346360","2015-02-20",
"346370","2015-02-03",
"346400","2015-01-26",
"274230","2015-01-22",
"346420","2015-03-11",
"346440","2015-02-05",
"274270","2015-02-19",
"346450","2015-01-26",
"346470","2015-02-26",
"346480","2015-02-06",
"346490","2015-03-12",
"346510","2015-02-12",
"274350","2015-03-13",
"346540","2015-02-12",
"346541","2015-02-12",
"346542","2015-02-13",
"346550","2015-03-02",
"346560","2015-02-11",
"346590","2015-03-19",
"346630","2015-02-04",
"346640","2015-01-29",
"346650","2015-01-27",
"346660","2015-01-27",
"346670","2015-03-10",
"346690","2015-02-03",
"346720","2015-02-11",
"346743","2015-03-31",
"274580","2014-11-24",
"346770","2015-04-22",
"346780","2015-04-06",
"346800","2015-02-27",
"346810","2015-02-04",
"346830","2015-04-23",
"346850","2015-04-17",
"346860","2015-01-28",
"346890","2015-02-04",
"274700","2015-01-22",
"346900","2015-03-30",
"346920","2015-01-29",
"346940","2015-05-21",
"346950","2015-02-17",
"346970","2015-02-14",
"346990","2015-04-28",
"347010","2015-01-28",
"347030","2015-02-02",
"347040","2015-03-09",
"347050","2015-02-26",
"347070","2015-02-13",
"347090","2015-03-16",
"347100","2015-01-29",
"347101","2015-01-29",
"347102","2015-01-29",
"347103","2015-01-29",
"347104","2015-01-29",
"347105","2015-01-29",
"347110","2015-02-11",
"347120","2015-02-24",
"347150","2015-05-12",
"347154","2015-04-22",
"347155","2015-04-16",
"347160","2015-05-12",
"347180","2015-02-09",
"347181","2015-04-30",
"347190","2015-05-06",
"347210","2015-05-06",
"347211","2015-05-06",
"347212","2015-05-07",
"347213","2015-03-23",
"347220","2015-04-20",
"347230","2015-04-01",
"347240","2015-04-01",
"347250","2015-04-01",
"347260","2015-04-01",
"347270","2015-04-01",
"347280","2015-03-21",
"347290","2015-02-28",
"275125","2015-04-09",
"275127","2015-02-24",
"275200","2015-01-29",
"347430","2015-03-02",
"347440","2015-02-24",
"347450","2015-03-27",
"347470","2015-03-30",
"347480","2015-02-03",
"347490","2015-01-29",
"347491","2015-01-29",
"347492","2015-01-29",
"347493","2015-01-29",
"347494","2015-01-29",
"347560","2015-02-03",
"347570","2015-02-12",
"347580","2015-02-12",
"347590","2015-02-16",
"347620","2015-05-25",
"347630","2015-03-23",
"347640","2015-03-20",
"347641","2015-03-20",
"347642","2015-03-20",
"347643","2015-03-20",
"347644","2015-03-20",
"347645","2015-03-20",
"347670","2015-03-11",
"347680","2015-02-20",
"347690","2015-02-02",
"347710","2015-03-26",
"347780","2015-02-03",
"347790","2015-04-03",
"347800","2015-02-28",
"275690","2014-11-11",
"347880","2015-02-03",
"347890","2015-04-15",
"347900","2015-02-03",
"347910","2015-02-21",
"347920","2015-02-09",
"347930","2015-02-04",
"347940","2015-02-04",
"347980","2015-02-24",
"347981","2015-04-15",
"347990","2015-03-04",
"360010","2015-04-27",
"360030","2015-05-25",
"360090","2015-04-07",
"360091","2015-04-07",
"360092","2015-04-07",
"360093","2015-04-07",
"360094","2015-04-07",
"360095","2015-04-07",
"360096","2015-04-07",
"360097","2015-04-07",
"360098","2015-04-07",
"360099","2015-04-07",
"360110","2015-04-07",
"360111","2015-04-07",
"360112","2015-04-07",
"360113","2015-04-07",
"360114","2015-04-07",
"360115","2015-04-07",
"360120","2015-04-07",
"360130","2015-04-08",
"360140","2015-04-23",
"360240","2015-04-09",
"360290","2015-05-16",
"360350","2015-05-19",
"360360","2015-05-15",
"360380","2015-04-23",
"360390","2015-04-02",
"360420","2015-04-07",
"360421","2015-04-07",
"360422","2015-04-07",
"360423","2015-04-08",
"360424","2015-04-07",
"360425","2015-04-07",
"360426","2015-04-07",
"360427","2015-04-07",
"360428","2015-04-07",
"360450","2015-04-16",
"360480","2015-05-04",
"360520","2015-04-01",
"360530","2015-04-13",
"360590","2015-05-13",
"360600","2015-03-31",
"360680","2015-05-12",
"360720","2015-04-18",
"360750","2015-04-20",
"360770","2015-05-18",
"360790","2015-05-18",
"360820","2015-04-01",
"360870","2015-04-06",
"360880","2015-05-07",
"360890","2015-04-20",
"360920","2015-05-13",
"360960","2015-04-13",
"348000","2015-02-05",
"348010","2015-02-04",
"348020","2015-03-27",
"348030","2015-05-21",
"348040","2015-03-09",
"348070","2015-03-06",
"348090","2015-02-05",
"348091","2015-02-05",
"348100","2015-02-05",
"348110","2015-02-09",
"348160","2015-03-26",
"348180","2015-03-12",
"348200","2015-04-07",
"348270","2015-02-25",
"348290","2015-03-25",
"348300","2015-04-17",
"348310","2015-02-05",
"348320","2015-02-18",
"348330","2015-02-10",
"348350","2015-05-22",
"348370","2015-05-13",
"348380","2015-02-04",
"348400","2015-03-25",
"348430","2015-05-08",
"348440","2015-05-08",
"348450","2015-02-09",
"348530","2015-03-23",
"348550","2015-05-22",
"348560","2015-02-07",
"348561","2015-02-18",
"348610","2015-02-06",
"348620","2015-03-26",
"348650","2015-02-06",
"348670","2015-03-12",
"348680","2015-02-27",
"348681","2015-03-10",
"348682","2015-04-21",
"348683","2015-04-21",
"348684","2015-04-07",
"348685","2015-04-07",
"348686","2015-03-24",
"348687","2015-05-05",
"348690","2015-02-13",
"348700","2015-03-18",
"348730","2015-04-24",
"348750","2015-02-24",
"348760","2015-02-21",
"348790","2015-02-11",
"348840","2015-05-22",
"348850","2015-02-24",
"348860","2015-02-20",
"348870","2015-02-11",
"348920","2015-02-13",
"348960","2015-02-23",
"348970","2015-02-26",
"348980","2015-02-16",
"348990","2015-03-20",
"276810","2014-11-17",
"361020","2015-05-11",
"361060","2015-04-06",
"361070","2015-05-04",
"361110","2015-04-20",
"361170","2015-04-03",
"361171","2015-04-03",
"361172","2015-04-03",
"361173","2015-04-03",
"361180","2015-04-02",
"361181","2015-04-02",
"361182","2015-04-02",
"361183","2015-04-02",
"361190","2015-04-21",
"361220","2015-05-08",
"361280","2015-05-26",
"361310","2015-04-02",
"361312","2015-04-03",
"361313","2015-04-03",
"361314","2015-04-02",
"361320","2015-04-17",
"361330","2015-04-21",
"361350","2015-05-11",
"361380","2015-04-09",
"361430","2015-04-22",
"361440","2015-04-07",
"361470","2015-05-01",
"361480","2015-04-30",
"361481","2015-04-30",
"361482","2015-04-30",
"361483","2015-04-30",
"361484","2015-04-30",
"361485","2015-04-30",
"361520","2015-04-24",
"361540","2015-05-06",
"361541","2015-05-06",
"361542","2015-05-06",
"361620","2015-05-21",
"361630","2015-04-10",
"361660","2015-04-07",
"361670","2015-04-28",
"361690","2015-04-28",
"361700","2015-04-07",
"361800","2015-04-28",
"361820","2015-05-03",
"361830","2015-04-15",
"361850","2015-05-25",
"361870","2015-04-03",
"361970","2015-05-07",
"361990","2015-04-10",
"349000","2015-05-13",
"349050","2015-03-09",
"349060","2015-02-19",
"349080","2015-02-06",
"349130","2015-02-24",
"349190","2015-04-29",
"349210","2015-02-11",
"349240","2015-02-27",
"349260","2015-02-17",
"349280","2015-05-21",
"349300","2015-04-03",
"349310","2015-02-13",
"349320","2015-03-31",
"349330","2015-02-20",
"349331","2015-02-20",
"349350","2015-04-02",
"349370","2015-02-11",
"349440","2015-04-07",
"349450","2015-02-09",
"349460","2015-04-20",
"349480","2015-02-26",
"349500","2015-02-25",
"349530","2015-02-25",
"349540","2015-02-17",
"349550","2015-02-25",
"349560","2015-02-17",
"349620","2015-02-19",
"349660","2015-03-03",
"349670","2015-04-01",
"349690","2015-03-03",
"349740","2015-03-09",
"349750","2015-02-19",
"349770","2015-04-16",
"349780","2015-02-20",
"349800","2015-04-16",
"349810","2015-05-12",
"349820","2015-02-11",
"349830","2015-04-30",
"277680","2014-12-11",
"277730","2015-01-22",
"277739","2014-12-05",
"277740","2014-11-06",
"277742","2015-01-19",
"277749","2015-04-22",
"277752","2014-12-18",
"277753","2014-12-10",
"277754","2014-12-12",
"277755","2015-01-30",
"277756","2015-02-26",
"277757","2015-02-26",
"277758","2015-03-12",
"277759","2015-02-06",
"349930","2015-02-27",
"277760","2015-02-12",
"349931","2015-02-27",
"349932","2015-02-27",
"277762","2015-03-05",
"349933","2015-02-27",
"277763","2015-03-26",
"349934","2015-02-27",
"277764","2015-04-29",
"349935","2015-02-27",
"277765","2015-04-02",
"349936","2015-02-27",
"349937","2015-02-27",
"277767","2015-02-27",
"349938","2015-02-27",
"277768","2015-03-19",
"349939","2015-02-27",
"277769","2015-04-16",
"349940","2015-02-27",
"277770","2015-05-06",
"349941","2015-02-27",
"277771","2015-05-14",
"349950","2015-02-12",
"349960","2015-02-19",
"349970","2015-02-12",
"349980","2015-04-30",
"277821","2015-01-31",
"277850","2014-12-16",
"362010","2015-04-03",
"362030","2015-04-14",
"362040","2015-04-06",
"362050","2015-04-20",
"362090","2015-04-16",
"362100","2015-04-10",
"362130","2015-04-17",
"362140","2015-04-22",
"362170","2015-04-07",
"362280","2015-04-09",
"362320","2015-04-16",
"362350","2015-05-08",
"362400","2015-04-27",
"362420","2015-04-13",
"362460","2015-04-21",
"362490","2015-04-29",
"290300","2015-05-08",
"362500","2015-05-01",
"290340","2015-01-14",
"362520","2015-05-01",
"362530","2015-05-01",
"362540","2015-05-01",
"362550","2015-05-01",
"362560","2015-05-01",
"362570","2015-05-01",
"362580","2015-05-01",
"362590","2015-05-01",
"362610","2015-05-25",
"362620","2015-04-27",
"362630","2015-05-06",
"362640","2015-05-06",
"362641","2015-05-06",
"362660","2015-04-21",
"362700","2015-04-17",
"290530","2014-10-30",
"362710","2015-04-09",
"362740","2015-05-11",
"362760","2015-05-02",
"362780","2015-05-08",
"362790","2015-05-08",
"290630","2014-12-19",
"362820","2015-05-01",
"362830","2015-04-21",
"362850","2015-05-26",
"362860","2015-05-22",
"362870","2015-04-24",
"362890","2015-05-05",
"362900","2015-04-20",
"362920","2015-04-17",
"362940","2015-05-18",
"362950","2015-04-15",
"290790","2015-01-14",
"290830","2015-01-06",
"290930","2015-03-25",
"278100","2015-02-23",
"22140","2014-12-05",
"363000","2015-04-28",
"363020","2015-04-15",
"363030","2015-04-17",
"363031","2015-04-17",
"363050","2015-04-24",
"363060","2015-04-24",
"363070","2015-04-24",
"363200","2015-05-04",
"363220","2015-04-15",
"363260","2015-04-28",
"363261","2015-04-28",
"363320","2015-04-28",
"363330","2015-04-17",
"363340","2015-04-22",
"291170","2014-11-11",
"363410","2015-05-20",
"363430","2015-05-15",
"363460","2015-04-21",
"363480","2015-04-17",
"363490","2015-04-14",
"363500","2015-05-12",
"363550","2015-05-06",
"363570","2015-04-14",
"363620","2015-04-18",
"363630","2015-05-19",
"291470","2015-02-06",
"363660","2015-04-17",
"363690","2015-04-15",
"363740","2015-04-27",
"363770","2015-05-26",
"363781","2015-05-26",
"363790","2015-05-05",
"363800","2015-04-28",
"363810","2015-05-12",
"363830","2015-05-09",
"363900","2015-04-16",
"363920","2015-04-20",
"363970","2015-05-14",
"279440","2014-11-21",
"279720","2015-03-04",
"279740","2015-04-02",
"279800","2015-03-23",
"364100","2015-05-21",
"364130","2015-05-21",
"364170","2015-04-17",
"364180","2015-04-16",
"364240","2015-04-20",
"364270","2015-04-29",
"292114","2015-01-21",
"292116","2014-11-20",
"292117","2014-11-20",
"292118","2014-11-20",
"292119","2014-11-20",
"364300","2015-05-11",
"292140","2014-11-11",
"364320","2015-05-21",
"364360","2015-04-22",
"364370","2015-04-23",
"364380","2015-04-24",
"364400","2015-04-22",
"364410","2015-04-17",
"364450","2015-04-20",
"364480","2015-05-14",
"364660","2015-04-17",
"364710","2015-04-22",
"364750","2015-05-11",
"364770","2015-04-20",
"364790","2015-05-18",
"364800","2015-05-08",
"364810","2015-05-08",
"364890","2015-04-23",
"364900","2015-04-30",
"364920","2015-04-20",
"292750","2014-11-30",
"364930","2015-04-25",
"364940","2015-04-22",
"364970","2015-05-01",
"365000","2015-04-20",
"365020","2015-05-15",
"365030","2015-04-18",
"365031","2015-04-17",
"365032","2015-04-17",
"365033","2015-04-17",
"365050","2015-04-20",
"365070","2015-04-21",
"365080","2015-05-11",
"365110","2015-04-21",
"365140","2015-05-22",
"365170","2015-04-23",
"365190","2015-05-13",
"208750","2014-11-12",
"365210","2015-05-01",
"365220","2015-05-01",
"365270","2015-04-21",
"365280","2015-05-04",
"365290","2015-04-23",
"293140","2015-01-24",
"365320","2015-05-22",
"365330","2015-04-24",
"365340","2015-04-27",
"365360","2015-04-21",
"293220","2015-05-14",
"365400","2015-05-06",
"365420","2015-04-28",
"365430","2015-04-23",
"293280","2015-02-02",
"365460","2015-05-26",
"365470","2015-05-12",
"365490","2015-04-22",
"365500","2015-04-30",
"293340","2014-11-20",
"365520","2015-05-20",
"365530","2015-05-19",
"365540","2015-05-20",
"365580","2015-05-04",
"293440","2014-11-05",
"365620","2015-05-05",
"365630","2015-04-21",
"293480","2014-11-14",
"365670","2015-04-24",
"293520","2015-05-14",
"293560","2014-10-31",
"365760","2015-05-19",
"365840","2015-05-14",
"365860","2015-05-20",
"365870","2015-05-11",
"293760","2015-03-12",
"366060","2015-05-21",
"366080","2015-04-23",
"366140","2015-04-23",
"366190","2015-05-01",
"366210","2015-05-26",
"294060","2015-02-10",
"366290","2015-04-28",
"294160","2014-12-03",
"366410","2015-05-25",
"366420","2015-04-23",
"366430","2015-04-23",
"366460","2015-05-04",
"366530","2015-04-30",
"366590","2015-04-30",
"366610","2015-04-24",
"366650","2015-05-06",
"366660","2015-05-21",
"366670","2015-05-04",
"366700","2015-04-24",
"366710","2015-05-13",
"366730","2015-05-22",
"366740","2015-05-22",
"366800","2015-04-30",
"366820","2015-05-07",
"366843","2015-04-27",
"366890","2015-05-21",
"366900","2015-04-30",
"366990","2015-04-30",
"294810","2014-11-18",
"294860","2014-10-30",
"222180","2015-03-10",
"222420","2014-11-27",
"222440","2015-01-30",
"222621","2014-12-12",
"222631","2014-11-20",
"222633","2015-04-09",
"222638","2014-11-13",
"222804","2015-03-24",
"222805","2015-03-24",
"222806","2015-03-24",
"222807","2015-03-24",
"367000","2015-05-12",
"367030","2015-05-08",
"367040","2015-04-27",
"367060","2015-05-01",
"367090","2015-05-01",
"367110","2015-05-15",
"367150","2015-04-28",
"367180","2015-05-12",
"367190","2015-05-01",
"295040","2014-10-30",
"295041","2014-11-04",
"295042","2014-11-04",
"295043","2014-11-04",
"295044","2014-11-04",
"295045","2014-11-11",
"295046","2014-11-11",
"295047","2014-11-11",
"295048","2014-11-11",
"295049","2014-11-11",
"367220","2015-05-12",
"295050","2014-11-11",
"295051","2014-11-25",
"295052","2014-11-25",
"295053","2014-11-25",
"295054","2014-11-25",
"295055","2014-11-25",
"295056","2014-11-25",
"295057","2014-12-03",
"295058","2014-12-03",
"295059","2014-12-03",
"295060","2014-12-03",
"295061","2014-12-03",
"295062","2014-12-03",
"295063","2014-12-10",
"295064","2014-12-10",
"295065","2014-12-09",
"295066","2014-12-10",
"295067","2014-12-09",
"295068","2014-12-10",
"295069","2014-12-09",
"295070","2014-12-16",
"295071","2014-12-16",
"295072","2014-12-16",
"295073","2014-12-16",
"295074","2014-12-16",
"295075","2014-12-16",
"295076","2014-12-16",
"295077","2014-12-16",
"295078","2014-12-16",
"295079","2014-12-16",
"367250","2015-04-30",
"295080","2014-12-16",
"295081","2014-12-16",
"295082","2014-12-16",
"295083","2014-12-16",
"295084","2014-12-16",
"295085","2014-12-16",
"295086","2014-12-16",
"295087","2015-01-06",
"295088","2015-01-06",
"295089","2015-01-06",
"367260","2015-04-28",
"295090","2015-01-06",
"295091","2015-01-06",
"295092","2015-01-06",
"295093","2015-01-06",
"295094","2015-01-13",
"295095","2015-01-13",
"295096","2015-01-13",
"295097","2015-01-13",
"295098","2015-01-13",
"295099","2015-01-13",
"367280","2015-04-28",
"367290","2015-05-04",
"295110","2015-01-10",
"367300","2015-05-22",
"295162","2015-01-28",
"295173","2015-02-13",
"295174","2015-02-13",
"295177","2015-01-21",
"295178","2015-01-21",
"295181","2015-02-05",
"295182","2015-02-05",
"295183","2015-02-17",
"295184","2015-02-17",
"295188","2015-02-24",
"295190","2014-11-10",
"295191","2015-04-22",
"367380","2015-05-04",
"367480","2015-04-29",
"295330","2014-11-04",
"367640","2015-05-12",
"367660","2015-05-05",
"367670","2015-05-04",
"295560","2014-12-04",
"295590","2015-03-19",
"367810","2015-04-30",
"367840","2015-05-26",
"367850","2015-05-07",
"223100","2015-03-13",
"368140","2015-05-25",
"368190","2015-05-06",
"296030","2014-12-31",
"368220","2015-05-12",
"368250","2015-05-05",
"368290","2015-05-18",
"368320","2015-05-20",
"368340","2015-05-15",
"368350","2015-05-12",
"368360","2015-05-06",
"368370","2015-05-25",
"368400","2015-05-12",
"368401","2015-05-12",
"368410","2015-05-07",
"368440","2015-05-14",
"296270","2015-03-25",
"296280","2015-01-30",
"368470","2015-05-22",
"296300","2015-05-08",
"368500","2015-05-12",
"368510","2015-05-09",
"368550","2015-05-06",
"368610","2015-05-22",
"368650","2015-05-08",
"296490","2015-04-30",
"368700","2015-05-15",
"368820","2015-05-08",
"368840","2015-05-13",
"368870","2015-05-07",
"368880","2015-05-15",
"296710","2015-01-23",
"368900","2015-05-11",
"368910","2015-05-13",
"368920","2015-05-13",
"368950","2015-05-12",
"368990","2015-05-11",
"296830","2015-01-26",
"369000","2015-05-11",
"369100","2015-05-15",
"369120","2015-05-06",
"369130","2015-05-25",
"369131","2015-05-25",
"297000","2015-01-06",
"369210","2015-05-07",
"297070","2015-01-22",
"369290","2015-05-25",
"369340","2015-05-08",
"369350","2015-05-12",
"369370","2015-05-15",
"369410","2015-05-19",
"369430","2015-05-16",
"369450","2015-05-07",
"369470","2015-05-08",
"369490","2015-05-12",
"297310","2014-11-17",
"369500","2015-05-14",
"369501","2015-05-21",
"369520","2015-05-15",
"297390","2014-11-25",
"369610","2015-05-25",
"369620","2015-05-21",
"369640","2015-05-12",
"297470","2014-12-23",
"369650","2015-05-22",
"369660","2015-05-22",
"369670","2015-05-22",
"369700","2015-05-19",
"297650","2014-12-16",
"369860","2015-05-14",
"369890","2015-05-25",
"297831","2014-11-13",
"297842","2014-12-12",
"297920","2015-03-12",
"225270","2015-01-07",
"41046","2015-04-11",
"225540","2014-11-11",
"310031","2014-10-30",
"310032","2014-10-30",
"310033","2014-10-30",
"310034","2014-10-30",
"310040","2014-11-18",
"310050","2014-11-18",
"310060","2015-03-09",
"298160","2014-10-31",
"310100","2014-10-31",
"310360","2014-12-05",
"310370","2014-12-30",
"310380","2014-11-07",
"310460","2014-12-04",
"298560","2015-01-13",
"310560","2015-04-27",
"310580","2014-11-21",
"310640","2014-11-12",
"310660","2014-10-30",
"298790","2014-12-10",
"310740","2015-04-16",
"310790","2014-11-18",
"298850","2014-11-05",
"298880","2014-11-15",
"310810","2015-01-28",
"310850","2014-10-31",
"310880","2014-11-06",
"310890","2015-01-22",
"298930","2014-11-11",
"298950","2014-12-03",
"311160","2014-12-19",
"311161","2014-12-19",
"311162","2014-12-19",
"311163","2014-12-19",
"311164","2014-12-19",
"311210","2015-04-27",
"299350","2014-12-03",
"299360","2014-11-20",
"311400","2014-11-13",
"311490","2015-02-12",
"311560","2015-02-05",
"299680","2015-01-01",
"311690","2015-03-30",
"299740","2014-10-30",
"311700","2014-12-11",
"311730","2014-12-04",
"311840","2015-03-18",
"311950","2014-12-04",
"43190","2014-12-12",
"227520","2014-12-15",
"312060","2014-11-06",
"312230","2015-03-16",
"312240","2015-03-12",
"312270","2014-11-14",
"312310","2014-11-13",
"312370","2014-11-19",
"312400","2014-12-01",
"312420","2014-11-11",
"312430","2015-03-31",
"312440","2015-03-02",
"312450","2015-03-31",
"312520","2015-03-03",
"312530","2015-02-09",
"312540","2015-04-21",
"312600","2014-12-09",
"240460","2015-04-22",
"312710","2015-04-20",
"312780","2014-12-09",
"312790","2015-02-10",
"240620","2015-02-04",
"312840","2015-01-29",
"312930","2014-12-11",
"313010","2015-01-12",
"313120","2015-01-09",
"313370","2015-01-20",
"313371","2015-01-27",
"313372","2015-02-03",
"313373","2014-11-18",
"313374","2014-11-25",
"313375","2014-12-09",
"313380","2015-01-13",
"313381","2014-11-11",
"313660","2014-11-03",
"313680","2014-12-01",
"313690","2014-10-31",
"313800","2015-04-13",
"313810","2015-04-16",
"241680","2014-12-16",
"314010","2014-11-24",
"314150","2015-01-15",
"314160","2014-12-18",
"314220","2014-11-21",
"314300","2014-11-24",
"314410","2015-03-24",
"314450","2014-12-01",
"314520","2014-11-04",
"314530","2015-02-03",
"314560","2015-02-27",
"314590","2015-05-12",
"314660","2015-02-02",
"314710","2015-04-28",
"314830","2014-12-22",
"315050","2014-11-06",
"315060","2015-01-30",
"315080","2014-11-19",
"315130","2015-01-25",
"315320","2014-11-26",
"315330","2015-04-06",
"315392","2015-04-21",
"315393","2015-02-12",
"315394","2015-01-20",
"315395","2015-03-17",
"315396","2014-11-22",
"315397","2015-01-27",
"315450","2014-12-01",
"315460","2015-02-23",
"315660","2014-12-15",
"315840","2015-02-17",
"315880","2015-03-17",
"316070","2014-12-10",
"316080","2015-03-24",
"316160","2014-11-04",
"316240","2015-02-25",
"244160","2015-01-25",
"316390","2014-12-30",
"316410","2015-03-24",
"316430","2014-11-21",
"316590","2015-05-08",
"316610","2015-02-19",
"316790","2015-01-22",
"316920","2014-11-06",
"316930","2014-12-04",
"244770","2014-12-04",
"316960","2014-12-12",
"316962","2015-04-01",
"316963","2015-01-12",
"316967","2015-03-10",
"244910","2015-05-25",
"317040","2014-12-10",
"317100","2015-02-06",
"245177","2015-04-18",
"317400","2014-12-30",
"317460","2014-10-31",
"317461","2014-10-31",
"317462","2014-10-31",
"317530","2014-11-19",
"317620","2014-11-01",
"317750","2014-10-31",
"317770","2014-12-06",
"317790","2014-12-08",
"317820","2015-02-27",
"317840","2014-12-04",
"330000","2015-01-22",
"330030","2014-10-30",
"330070","2015-02-05",
"330110","2015-04-09",
"330130","2014-12-04",
"330160","2015-03-10",
"330180","2015-01-29",
"330210","2015-02-12",
"330230","2014-11-26",
"330240","2014-11-26",
"330260","2014-11-14",
"330270","2015-03-06",
"330350","2014-11-19",
"330360","2014-12-11",
"330361","2014-12-11",
"330362","2014-12-11",
"330363","2014-12-11",
"330370","2015-02-09",
"330420","2014-11-03",
"330450","2014-12-22",
"330460","2014-11-21",
"330470","2014-11-11",
"330491","2014-10-30",
"330510","2014-11-15",
"330511","2014-11-15",
"330520","2014-10-30",
"330570","2014-12-29",
"330580","2015-05-18",
"330620","2014-11-18",
"330630","2014-10-31",
"330631","2014-10-31",
"330650","2014-11-15",
"330660","2015-03-20",
"330670","2015-03-10",
"330680","2014-11-17",
"330690","2014-11-06",
"330700","2014-10-31",
"330710","2014-11-05",
"330720","2014-11-18",
"330730","2014-11-21",
"330750","2014-11-03",
"330760","2015-02-20",
"330770","2014-11-25",
"330800","2014-11-03",
"330810","2014-10-30",
"330830","2014-11-13",
"330840","2014-11-20",
"330860","2014-10-31",
"330990","2014-11-26",
"318020","2015-05-08",
"318060","2014-11-03",
"318072","2014-11-27",
"318073","2014-11-26",
"318077","2014-11-26",
"318130","2015-03-13",
"318230","2014-12-04",
"318260","2014-12-30",
"246110","2014-11-11",
"318300","2015-02-24",
"318330","2014-12-05",
"318340","2014-12-05",
"318390","2014-12-16",
"318410","2014-12-02",
"318411","2015-01-27",
"318412","2014-11-18",
"318414","2014-12-09",
"318420","2015-02-24",
"318480","2015-02-23",
"318490","2015-04-01",
"318520","2014-12-03",
"318560","2015-04-22",
"318591","2015-01-06",
"318650","2014-12-11",
"318690","2014-12-01",
"318790","2015-03-12",
"318791","2015-03-03",
"318792","2015-04-30",
"318850","2015-03-25",
"318860","2014-11-14",
"318870","2015-01-13",
"318871","2015-01-13",
"318872","2015-01-13",
"318873","2014-12-10",
"318874","2015-01-13",
"318875","2015-02-03",
"318970","2015-03-03",
"102220","2014-12-04",
"331000","2014-10-30",
"331060","2015-01-15",
"331061","2015-01-15",
"331062","2015-01-15",
"331063","2015-01-15",
"331064","2015-01-15",
"331065","2015-01-15",
"331066","2015-01-15",
"331067","2015-01-15",
"331068","2015-01-15",
"331069","2015-01-15",
"331070","2015-01-15",
"331071","2015-01-15",
"331072","2015-01-15",
"331103","2015-01-16",
"331104","2015-01-17",
"331105","2015-01-17",
"331106","2015-01-17",
"331107","2015-01-17",
"331108","2015-01-17",
"331120","2014-11-21",
"331130","2014-11-13",
"331160","2015-02-24",
"331180","2015-04-24",
"331181","2015-04-24",
"331200","2014-11-12",
"331220","2014-12-01",
"331230","2014-11-26",
"331240","2014-12-11",
"331250","2014-11-26",
"331260","2014-11-26",
"331270","2014-10-31",
"331290","2014-11-11",
"331300","2014-12-22",
"331310","2014-11-03",
"331330","2015-03-31",
"331340","2015-01-16",
"331350","2014-12-16",
"331351","2014-12-16",
"331352","2014-12-16",
"331353","2014-12-16",
"331354","2014-12-16",
"331355","2014-12-16",
"331356","2014-12-16",
"331357","2014-12-16",
"331358","2014-12-16",
"331380","2014-11-17",
"331390","2014-11-03",
"331400","2014-11-18",
"331440","2014-11-18",
"331450","2015-02-24",
"331460","2015-03-23",
"331470","2014-11-18",
"331490","2014-11-04",
"331491","2014-11-03",
"331492","2014-11-03",
"102810","2014-12-11",
"331500","2015-03-05",
"331510","2014-11-06",
"331520","2015-01-16",
"331550","2014-11-07",
"331560","2014-12-02",
"331570","2015-05-26",
"331580","2014-11-19",
"331600","2015-03-30",
"331610","2014-12-16",
"331620","2014-11-12",
"331650","2014-12-04",
"331660","2014-11-07",
"331670","2014-11-26",
"331710","2014-11-08",
"331720","2014-11-11",
"331740","2014-11-18",
"331750","2015-02-24",
"331760","2015-01-13",
"331790","2015-02-03",
"331800","2014-11-19",
"331880","2015-04-17",
"331890","2014-11-25",
"331891","2014-11-06",
"331892","2014-11-25",
"331900","2014-11-13",
"331910","2014-11-28",
"331920","2014-11-14",
"331930","2015-02-06",
"331960","2014-11-05",
"331970","2015-02-24",
"331980","2014-12-11",
"319000","2015-01-30",
"319010","2015-01-30",
"319011","2015-01-30",
"319013","2015-01-30",
"319014","2015-01-30",
"319015","2015-01-30",
"319016","2015-01-30",
"319017","2015-01-21",
"319018","2015-01-30",
"319050","2014-12-01",
"319140","2014-12-04",
"319210","2014-11-21",
"319240","2015-02-16",
"319290","2014-11-15",
"319450","2014-11-04",
"319470","2015-05-25",
"319740","2015-01-16",
"319780","2015-04-17",
"319810","2015-03-04",
"319910","2015-04-16",
"332000","2014-11-06",
"332001","2014-11-05",
"332010","2014-11-06",
"332011","2014-11-05",
"332020","2014-11-05",
"332030","2014-11-11",
"332070","2014-12-04",
"332120","2014-12-17",
"332130","2014-11-20",
"332150","2014-11-24",
"332190","2014-12-18",
"332191","2014-12-18",
"332200","2015-04-18",
"332210","2014-11-06",
"332240","2014-11-24",
"332250","2015-01-09",
"332260","2015-02-24",
"332290","2015-01-10",
"332291","2015-01-10",
"332292","2015-01-10",
"332293","2015-01-10",
"332300","2014-11-07",
"332340","2014-11-14",
"332350","2015-04-08",
"332360","2014-11-14",
"332380","2015-04-06",
"332390","2015-04-02",
"332410","2015-04-15",
"332420","2014-11-11",
"332430","2014-11-25",
"332460","2014-11-11",
"332470","2014-11-07",
"332480","2014-11-11",
"332490","2014-11-18",
"332500","2014-11-11",
"332540","2014-11-17",
"332570","2014-11-21",
"332580","2015-01-13",
"260410","2014-11-03",
"260430","2015-02-18",
"332610","2015-05-19",
"332630","2015-01-22",
"332710","2014-11-21",
"332730","2015-02-03",
"332750","2014-11-17",
"332760","2015-02-25",
"332780","2014-12-15",
"332790","2015-02-03",
"332800","2014-11-11",
"332810","2014-11-24",
"332830","2014-12-09",
"332880","2015-04-02",
"332890","2014-11-11",
"332970","2015-04-17",
"333030","2014-11-21",
"333040","2014-11-25",
"333050","2014-11-22",
"333051","2014-11-21",
"333052","2014-11-21",
"333060","2014-11-21",
"333070","2014-11-21",
"333071","2014-11-21",
"333080","2015-01-15",
"333081","2015-01-15",
"333082","2015-01-15",
"333083","2015-01-15",
"333084","2015-01-15",
"333087","2015-01-15",
"333088","2015-01-15",
"333090","2015-02-06",
"333091","2015-01-10",
"333110","2015-03-13",
"333120","2014-11-17",
"333130","2014-12-19",
"333140","2014-12-10",
"333150","2014-12-18",
"333160","2014-12-17",
"333170","2014-12-17",
"333180","2015-01-22",
"333181","2015-01-22",
"333182","2015-01-22",
"333190","2015-01-22",
"333191","2015-01-22",
"333192","2015-01-22",
"333193","2015-01-22",
"333200","2014-12-17",
"333210","2015-04-10",
"333220","2014-11-20",
"333230","2014-11-26",
"333250","2015-01-23",
"333260","2014-12-02",
"333270","2014-11-15",
"333310","2014-11-17",
"333320","2014-11-14",
"333330","2015-01-13",
"333350","2015-01-29",
"333380","2014-12-22",
"333390","2015-01-09",
"333400","2014-12-10",
"333430","2014-12-05",
"333460","2014-12-12",
"333500","2014-11-22",
"333510","2015-02-17",
"333520","2014-11-17",
"333530","2015-02-10",
"333540","2014-11-25",
"333560","2015-01-26",
"333580","2015-04-14",
"333600","2014-12-04",
"333650","2015-02-16",
"333660","2014-12-30",
"333670","2014-11-17",
"333680","2014-12-05",
"333690","2015-05-08",
"333700","2014-11-25",
"333710","2015-01-15",
"333720","2014-12-04",
"333730","2015-01-26",
"333740","2015-03-17",
"261570","2015-02-28",
"333760","2014-12-31",
"333780","2015-02-10",
"333790","2014-11-25",
"333800","2015-03-03",
"333820","2015-03-06",
"333850","2014-11-19",
"333860","2015-01-19",
"333870","2014-11-25",
"333880","2014-12-03",
"333890","2014-12-18",
"333891","2014-12-19",
"333892","2014-12-18",
"333900","2014-11-18",
"333910","2014-12-18",
"333920","2014-12-18",
"333921","2014-12-18",
"333930","2015-01-06",
"333950","2015-01-28",
"333970","2015-02-17",
"333980","2015-05-14",
"334010","2014-11-20",
"334030","2015-04-08",
"334040","2015-01-13",
"334050","2014-11-19",
"334060","2014-11-19",
"334070","2015-01-16",
"334080","2014-11-28",
"334090","2014-12-17",
"334110","2014-12-18",
"334111","2014-12-18",
"334112","2014-12-18",
"334113","2014-12-18",
"334120","2015-02-28",
"334140","2014-12-09",
"334150","2014-12-18",
"334160","2014-12-18",
"334161","2014-12-18",
"334180","2014-12-18",
"334190","2014-12-02",
"334220","2015-01-15",
"334221","2015-01-15",
"334230","2014-12-15",
"262060","2014-12-23",
"334270","2014-12-17",
"334290","2014-12-16",
"334300","2014-12-19",
"334330","2014-11-20",
"334340","2015-03-05",
"262190","2015-01-29",
"334380","2014-11-21",
"334390","2015-03-03",
"334400","2014-11-28",
"262230","2015-02-23",
"334401","2014-11-28",
"334402","2014-11-28",
"334420","2015-03-25",
"334430","2014-11-25",
"334440","2014-12-18",
"334441","2014-12-18",
"334442","2014-12-18",
"334450","2014-12-18",
"334470","2015-01-09",
"334480","2015-02-10",
"334490","2015-03-09",
"334510","2014-11-26",
"334520","2014-11-26",
"334530","2014-11-26",
"334560","2015-04-06",
"334580","2014-12-09",
"334590","2014-12-08",
"334600","2014-12-08",
"334620","2015-01-27",
"334660","2014-11-21",
"334690","2015-01-12",
"334710","2014-11-25",
"334740","2015-01-07",
"262630","2015-02-06",
"334810","2014-12-10",
"334840","2015-01-22",
"334850","2015-03-25",
"334860","2014-11-24",
"334930","2015-01-01",
"334960","2015-02-20",
"334970","2014-12-01",
"334980","2014-12-24",
"334990","2014-11-26",
"262960","2015-01-27",
"335000","2015-02-09",
"335010","2015-02-09",
"335020","2014-11-24",
"335030","2015-03-25",
"335050","2014-12-17",
"335060","2014-11-27",
"335070","2015-03-05",
"335080","2015-01-21",
"335090","2015-01-06",
"335100","2014-12-23",
"335120","2014-12-09",
"335150","2015-01-10",
"335170","2014-12-03",
"335180","2014-12-04",
"335200","2015-03-18",
"335210","2014-12-01",
"335220","2015-01-15",
"335240","2015-01-22",
"335250","2015-04-30",
"335260","2014-12-18",
"335290","2014-12-11",
"335300","2015-04-02",
"335320","2014-12-06",
"335330","2015-02-11",
"335350","2014-11-26",
"335370","2014-11-28",
"335410","2014-12-01",
"335420","2015-01-09",
"335430","2014-12-13",
"335440","2014-12-04",
"335450","2015-05-13",
"335460","2015-05-13",
"335473","2015-01-16",
"335474","2015-01-16",
"335475","2015-01-16",
"335476","2015-01-16",
"335477","2015-01-16",
"335478","2015-01-16",
"335510","2014-12-10",
"335520","2014-12-17",
"335550","2015-02-02",
"335560","2015-04-21",
"335570","2014-12-16",
"335580","2014-12-10",
"335610","2015-05-21",
"335611","2015-05-21",
"335640","2014-12-15",
"335660","2015-01-28",
"335670","2014-12-05",
"335680","2015-01-30",
"335690","2015-01-08",
"335740","2014-12-05",
"335770","2014-12-08",
"335790","2014-12-09",
"335800","2015-04-01",
"335810","2014-12-03",
"335830","2014-12-10",
"335840","2015-01-29",
"335850","2015-03-09",
"335880","2014-12-06",
"335890","2014-12-05",
"335900","2014-12-08",
"335920","2015-01-28",
"335930","2015-01-19",
"335940","2015-01-10",
"335970","2015-01-08",
"335981","2014-12-22",
"335982","2014-12-22",
"335990","2015-01-07",
"335991","2015-01-07",
"336010","2014-12-02",
"336020","2015-01-14",
"336040","2015-01-08",
"336050","2014-12-18",
"336060","2015-02-13",
"336080","2015-02-25",
"336090","2014-12-16",
"336100","2014-12-19",
"336110","2015-03-10",
"336150","2015-05-07",
"336170","2014-12-02",
"336180","2014-12-02",
"336200","2015-02-10",
"336260","2015-01-06",
"336270","2015-03-10",
"336280","2014-12-16",
"336300","2014-12-12",
"336310","2014-12-05",
"336320","2014-12-10",
"336370","2014-12-11",
"336380","2014-12-31",
"336420","2015-02-25",
"336460","2015-01-29",
"336530","2015-03-10",
"336610","2014-12-18",
"336620","2014-12-10",
"336630","2014-12-05",
"336650","2014-12-10",
"336660","2014-12-16",
"336670","2015-02-04",
"336700","2014-12-18",
"336710","2015-01-13",
"336730","2015-01-13",
"336760","2014-12-16",
"336770","2014-12-31",
"336780","2015-01-19",
"336790","2015-03-11",
"336810","2015-02-12",
"336840","2015-04-03",
"336850","2014-12-17",
"336851","2014-12-17",
"336860","2014-12-11",
"336870","2014-12-11",
"336930","2014-12-12",
"264840","2015-01-15",
"264841","2015-01-15",
"337000","2015-04-08",
"337040","2014-12-09",
"337050","2014-12-05",
"337070","2014-12-17",
"337110","2015-02-23",
"337120","2015-01-27",
"337150","2014-12-18",
"337180","2015-03-25",
"337220","2015-01-21",
"337270","2015-01-06",
"337280","2015-02-06",
"337310","2014-12-11",
"265140","2014-11-05",
"265146","2014-11-05",
"337380","2014-12-13",
"337400","2014-12-11",
"337410","2014-12-24",
"337420","2014-12-12",
"337430","2014-12-12",
"337450","2014-12-16",
"337630","2015-03-17",
"337640","2015-03-17",
"337660","2014-12-16",
"337661","2014-12-16",
"337670","2015-03-19",
"337680","2015-03-03",
"337690","2014-12-17",
"337710","2014-12-15",
"337730","2015-03-17",
"337740","2015-02-24",
"337750","2015-01-27",
"337760","2015-01-22",
"337820","2014-12-24",
"337840","2015-05-12",
"337850","2015-01-08",
"337870","2014-12-18",
"337871","2014-12-18",
"337872","2014-12-18",
"337880","2014-12-22",
"337900","2015-02-06",
"337901","2015-02-06",
"337902","2015-02-06",
"337910","2014-12-18",
"337930","2014-12-24",
"337940","2015-01-14",
"337960","2015-01-13",
"337970","2015-04-01",
"337980","2015-02-23",
"350000","2015-05-11",
"350010","2015-02-19",
"350020","2015-04-28",
"350060","2015-02-13",
"350070","2015-03-20",
"350080","2015-03-11",
"350090","2015-05-22",
"350130","2015-02-18",
"350220","2015-03-13",
"350230","2015-02-12",
"350260","2015-03-27",
"350330","2015-02-16",
"350400","2015-04-23",
"350410","2015-05-01",
"350412","2015-05-05",
"350413","2015-04-21",
"350414","2015-04-07",
"350415","2015-03-31",
"350420","2015-05-26",
"350460","2015-04-18",
"350490","2015-04-10",
"350500","2015-02-17",
"350510","2015-02-16",
"350520","2015-02-12",
"350530","2015-05-09",
"350540","2015-05-01",
"350560","2015-03-27",
"350620","2015-05-04",
"350630","2015-02-25",
"350660","2015-04-27",
"350680","2015-04-30",
"350700","2015-04-03",
"350720","2015-02-17",
"350730","2015-03-02",
"350750","2015-02-27",
"350810","2015-03-16",
"350840","2015-02-16",
"350870","2015-02-14",
"350910","2015-05-19",
"338000","2015-01-16",
"338010","2014-12-29",
"338030","2014-12-17",
"338050","2015-01-14",
"338060","2015-01-09",
"338070","2015-01-09",
"338080","2015-01-09",
"338090","2015-01-09",
"338100","2015-01-09",
"338110","2015-01-12",
"338140","2015-01-23",
"338160","2015-02-26",
"338161","2015-02-26",
"338162","2015-02-26",
"338170","2015-01-17",
"338180","2015-05-14",
"338190","2015-01-26",
"338200","2015-02-02",
"338201","2015-02-02",
"338202","2015-02-02",
"338230","2014-12-17",
"338240","2014-12-17",
"338250","2015-02-04",
"338260","2015-01-30",
"338300","2015-02-24",
"338320","2015-01-19",
"266150","2014-11-25",
"338340","2015-03-18",
"338360","2015-03-09",
"338370","2015-04-28",
"338371","2015-02-21",
"338372","2015-03-25",
"338420","2015-05-15",
"338440","2014-12-18",
"338453","2015-03-09",
"338470","2015-01-13",
"338480","2014-12-24",
"338490","2014-12-16",
"266310","2015-02-12",
"338510","2014-12-18",
"338511","2014-12-18",
"338512","2014-12-24",
"338513","2014-12-24",
"338514","2014-12-24",
"338515","2014-12-24",
"338516","2014-12-24",
"338518","2015-01-14",
"338520","2015-01-14",
"338521","2015-01-14",
"338522","2015-01-14",
"338523","2015-01-14",
"338524","2015-01-14",
"338525","2015-02-20",
"338540","2015-02-17",
"338550","2015-02-06",
"338580","2015-01-26",
"338590","2015-01-02",
"266410","2015-01-12",
"338620","2015-01-13",
"338650","2015-02-11",
"338661","2015-02-11",
"338680","2014-12-18",
"338710","2015-01-07",
"338720","2015-01-15",
"338721","2015-01-15",
"338722","2015-01-15",
"338723","2015-01-15",
"338741","2015-03-31",
"338743","2015-03-31",
"338744","2015-03-31",
"338745","2015-03-31",
"338746","2015-03-31",
"338770","2014-12-22",
"338800","2015-02-05",
"338810","2015-04-14",
"338830","2014-12-30",
"338840","2014-12-23",
"338882","2015-02-11",
"338890","2015-01-29",
"338900","2014-12-18",
"338960","2015-02-12",
"338980","2015-02-26",
"266980","2014-11-26",
"351020","2015-02-17",
"351040","2015-03-31",
"351060","2015-03-03",
"351070","2015-02-23",
"351080","2015-03-25",
"351090","2015-05-18",
"351140","2015-03-18",
"351150","2015-03-18",
"351170","2015-03-06",
"351220","2015-04-06",
"351230","2015-04-21",
"351240","2015-03-23",
"351270","2015-03-06",
"351280","2015-03-06",
"351290","2015-04-16",
"351340","2015-02-24",
"351390","2015-04-14",
"351400","2015-03-30",
"351420","2015-02-16",
"351430","2015-03-02",
"351450","2015-05-22",
"351460","2015-03-04",
"351461","2015-03-04",
"351470","2015-02-27",
"351490","2015-05-13",
"351540","2015-03-30",
"351555","2015-05-20",
"351556","2015-04-22",
"351570","2015-02-19",
"351584","2015-03-19",
"351590","2015-03-26",
"351591","2015-03-26",
"351650","2015-03-12",
"351660","2015-04-07",
"351670","2015-02-20",
"351671","2015-02-20",
"351672","2015-02-20",
"351673","2015-02-20",
"351674","2015-02-21",
"351675","2015-02-20",
"351676","2015-02-21",
"351680","2015-02-27",
"351730","2015-02-23",
"351740","2015-02-26",
"351790","2015-03-02",
"351800","2015-05-21",
"351810","2015-05-01",
"351820","2015-05-01",
"351840","2015-03-30",
"351860","2015-03-26",
"351870","2015-03-26",
"351890","2015-02-26",
"351900","2015-03-02",
"351930","2015-03-31",
"351990","2015-05-05",
"339000","2014-12-18",
"339030","2015-03-10",
"339031","2015-03-10",
"339032","2015-03-10",
"339033","2015-03-10",
"339034","2015-03-10",
"339040","2015-02-24",
"339070","2014-12-17",
"339080","2014-12-18",
"339120","2014-12-18",
"339130","2015-02-17",
"339160","2015-02-23",
"339190","2015-03-24",
"339200","2015-02-19",
"339210","2015-04-22",
"339240","2015-01-22",
"339280","2015-04-09",
"339290","2014-12-18",
"339330","2014-12-24",
"339350","2014-12-19",
"339360","2014-12-19",
"339380","2015-01-21",
"339381","2015-01-28",
"339382","2015-02-04",
"339383","2015-02-11",
"339384","2015-03-17",
"339385","2015-03-24",
"339386","2015-03-31",
"339387","2015-04-07",
"339388","2015-04-14",
"339389","2015-05-21",
"339390","2015-05-12",
"339391","2015-05-08",
"339400","2015-03-20",
"339410","2015-02-21",
"339430","2015-04-08",
"339460","2015-03-11",
"339470","2014-12-22",
"339480","2015-01-22",
"339490","2014-12-23",
"339500","2015-01-09",
"339510","2014-12-22",
"339520","2014-12-22",
"339530","2015-01-27",
"339540","2015-03-06",
"339550","2015-02-18",
"339570","2015-02-03",
"339610","2015-03-31",
"339620","2014-12-22",
"339630","2015-02-09",
"339690","2015-03-12",
"339700","2015-04-06",
"339750","2014-12-24",
"339770","2015-01-24",
"339790","2015-03-02",
"339800","2015-01-13",
"339820","2014-12-23",
"339840","2015-03-27",
"339850","2015-04-03",
"339860","2014-12-30",
"339870","2014-12-30",
"339890","2014-12-26",
"339900","2015-01-26",
"267778","2015-03-06",
"267780","2015-03-06",
"339960","2015-01-24",
"339961","2015-01-24",
"267830","2015-03-24",
"352000","2015-03-26",
"352010","2015-03-04",
"352021","2015-03-17",
"352030","2015-02-27",
"352070","2015-05-26",
"352080","2015-04-18",
"352111","2015-03-23",
"352120","2015-04-23",
"352130","2015-05-21",
"352140","2015-04-09",
"352190","2015-03-11",
"352230","2015-03-03",
"352280","2015-03-17",
"352290","2015-04-22",
"352320","2015-03-17",
"352321","2015-03-17",
"352322","2015-03-17",
"352323","2015-03-17",
"352324","2015-03-17",
"352325","2015-03-17",
"352326","2015-03-17",
"352327","2015-03-17",
"352328","2015-03-17",
"352329","2015-03-17",
"352330","2015-03-17",
"352331","2015-03-17",
"352332","2015-03-17",
"352333","2015-03-17",
"352334","2015-03-17",
"352335","2015-03-17",
"352337","2015-03-17",
"352338","2015-03-17",
"352339","2015-03-17",
"352340","2015-03-17",
"352341","2015-03-17",
"352342","2015-03-17",
"280180","2015-03-26",
"352430","2015-03-10",
"352490","2015-02-24",
"352520","2015-05-20",
"352540","2015-02-27",
"352590","2015-03-04",
"352610","2015-03-23",
"352620","2015-05-19",
"352640","2015-04-23",
"352680","2015-03-12",
"352710","2015-03-04",
"352730","2015-04-09",
"352740","2015-04-14",
"352780","2015-03-27",
"280600","2015-02-10",
"352850","2015-04-22",
"352950","2015-05-18",
"352960","2015-05-08",
"352980","2015-04-06",
"268080","2014-12-16",
"268320","2015-02-18",
"268340","2015-04-20",
"268870","2014-11-28",
"353000","2015-03-02",
"353020","2015-02-25",
"353050","2015-03-17",
"353051","2015-03-17",
"353052","2015-03-17",
"353053","2015-03-17",
"353060","2015-02-27",
"353070","2015-03-13",
"353090","2015-03-12",
"353110","2015-03-11",
"353140","2015-03-10",
"353240","2015-02-27",
"353260","2015-05-04",
"353280","2015-02-28",
"353300","2015-02-27",
"353320","2015-03-02",
"353330","2015-05-18",
"353340","2015-03-23",
"353360","2015-02-27",
"353370","2015-03-05",
"353380","2015-03-05",
"353390","2015-03-05",
"353400","2015-03-05",
"353410","2015-03-05",
"353420","2015-03-05",
"353430","2015-03-05",
"353440","2015-03-05",
"353450","2015-03-05",
"353460","2015-03-05",
"353470","2015-03-05",
"353480","2015-03-05",
"353490","2015-03-05",
"353500","2015-03-05",
"353510","2015-03-05",
"353520","2015-03-05",
"353530","2015-03-05",
"353550","2015-04-16",
"353560","2015-03-05",
"353570","2015-05-14",
"353571","2015-05-14",
"353590","2015-03-09",
"353600","2015-03-17",
"353610","2015-03-11",
"353620","2015-03-17",
"353630","2015-05-21",
"353640","2015-05-07",
"353740","2015-03-04",
"353741","2015-03-04",
"353742","2015-03-04",
"353760","2015-03-19",
"353761","2015-04-21",
"353770","2015-05-21",
"353790","2015-03-03",
"353820","2015-04-27",
"353830","2015-05-19",
"353850","2015-03-03",
"353930","2015-03-04",
"353940","2015-05-08",
"353970","2015-04-07",
"353980","2015-05-21",
"281940","2015-01-27",
"269530","2014-11-19",
"269670","2015-01-29",
"354050","2015-04-06",
"354110","2015-03-12",
"354140","2015-03-03",
"354170","2015-03-21",
"354171","2015-03-21",
"354180","2015-04-07",
"354190","2015-05-07",
"354230","2015-04-02",
"354240","2015-03-24",
"354260","2015-04-28",
"354300","2015-03-12",
"354310","2015-03-26",
"354320","2015-03-23",
"354350","2015-03-27",
"354380","2015-03-31",
"282201","2014-12-13",
"282210","2015-03-04",
"354425","2015-05-12",
"354430","2015-04-28",
"354500","2015-03-11",
"282370","2014-11-26",
"354570","2015-03-29",
"354600","2015-04-23",
"354650","2015-05-25",
"354680","2015-04-02",
"354690","2015-03-31",
"282513","2014-12-02",
"282514","2015-01-13",
"282515","2015-02-10",
"282516","2015-02-27",
"354700","2015-03-12",
"354701","2015-04-23",
"354702","2015-03-12",
"354710","2015-04-21",
"354720","2015-04-14",
"354730","2015-03-25",
"282560","2015-03-05",
"354770","2015-04-02",
"282640","2015-01-14",
"354820","2015-05-11",
"354850","2015-03-10",
"354860","2015-04-30",
"354870","2015-03-21",
"354890","2015-05-05",
"354930","2015-04-15",
"354940","2015-03-06",
"354950","2015-04-27",
"354960","2015-03-16",
"354970","2015-03-16",
"282900","2015-01-21",
"282960","2014-11-19",
"355050","2015-04-02",
"355060","2015-03-10",
"355070","2015-03-24",
"355080","2015-03-23",
"355090","2015-04-22",
"355100","2015-05-04",
"355130","2015-05-18",
"355140","2015-04-16",
"355150","2015-03-17",
"355200","2015-04-11",
"355201","2015-04-11",
"355202","2015-04-11",
"355203","2015-04-11",
"355204","2015-04-11",
"355205","2015-04-11",
"355206","2015-04-11",
"355207","2015-04-11",
"355208","2015-04-11",
"355209","2015-04-11",
"355210","2015-04-11",
"355250","2015-04-28",
"283080","2014-12-01",
"355260","2015-04-23",
"355262","2015-04-30",
"355270","2015-03-10",
"355290","2015-03-10",
"355300","2015-03-10",
"355320","2015-03-09",
"355340","2015-04-21",
"355341","2015-04-29",
"355360","2015-04-06",
"355380","2015-04-06",
"355410","2015-03-13",
"355420","2015-03-26",
"355430","2015-03-13",
"355520","2015-03-12",
"355530","2015-04-24",
"355550","2015-03-17",
"355570","2015-03-19",
"355590","2015-03-13",
"355640","2015-05-07",
"355650","2015-03-16",
"355660","2015-03-18",
"355730","2015-03-26",
"355760","2015-03-12",
"355770","2015-04-01",
"355830","2015-04-03",
"355840","2015-03-31",
"355860","2015-05-22",
"355870","2015-03-20",
"355880","2015-04-07",
"355890","2015-03-10",
"355970","2015-04-22",
"355980","2015-03-17",
"355990","2015-03-17",
"283820","2014-12-09",
"283840","2014-12-09",
"356000","2015-03-13",
"356010","2015-03-13",
"356070","2015-04-08",
"356090","2015-05-13",
"356110","2015-05-04",
"356120","2015-03-20",
"356121","2015-03-24",
"356122","2015-04-02",
"356123","2015-03-26",
"356124","2015-05-08",
"356140","2015-04-09",
"356160","2015-04-04",
"356170","2015-04-16",
"356210","2015-05-07",
"356230","2015-05-01",
"356231","2015-05-01",
"284080","2015-02-03",
"356260","2015-03-25",
"356270","2015-03-25",
"356280","2015-03-25",
"356290","2015-03-25",
"356310","2015-04-30",
"356350","2015-04-20",
"356380","2015-03-19",
"356420","2015-05-08",
"356430","2015-03-17",
"356440","2015-03-26",
"356510","2015-05-26",
"356530","2015-03-31",
"356540","2015-05-26",
"356590","2015-03-17",
"356591","2015-03-17",
"356592","2015-03-17",
"356593","2015-03-17",
"284440","2014-12-17",
"356640","2015-05-22",
"356650","2015-05-05",
"356670","2015-04-22",
"356710","2015-03-26",
"356741","2015-05-26",
"356770","2015-04-02",
"356780","2015-05-05",
"356790","2015-04-23",
"356800","2015-04-10",
"356810","2015-04-10",
"284680","2015-03-17",
"356860","2015-04-06",
"356880","2015-03-17",
"356940","2015-03-30",
"356970","2015-04-10",
"284810","2015-01-23",
"284910","2015-02-12",
"357040","2015-04-03",
"357060","2015-03-18",
"357070","2015-03-24",
"357080","2015-04-09",
"357110","2015-04-08",
"357160","2015-03-26",
"357161","2015-03-26",
"357162","2015-03-26",
"357163","2015-03-26",
"357170","2015-03-24",
"357171","2015-03-24",
"357200","2015-04-15",
"357240","2015-03-20",
"357250","2015-05-25",
"357260","2015-05-01",
"357261","2015-05-01",
"357262","2015-05-01",
"357280","2015-05-08",
"357290","2015-03-25",
"357300","2015-04-20",
"357320","2015-04-29",
"357330","2015-04-06",
"357360","2015-04-29",
"357370","2015-03-31",
"357380","2015-04-24",
"357400","2015-05-07",
"357410","2015-05-15",
"357440","2015-03-30",
"357450","2015-03-19",
"357460","2015-04-06",
"357470","2015-03-25",
"357600","2015-03-26",
"357650","2015-03-20",
"357660","2015-03-24",
"357670","2015-05-22",
"357710","2015-04-30",
"357711","2015-04-30",
"357720","2015-05-01",
"357730","2015-04-17",
"357770","2015-03-30",
"357780","2015-04-10",
"357790","2015-05-26",
"357800","2015-03-26",
"357820","2015-04-16",
"357830","2015-03-25",
"357840","2015-04-17",
"357850","2015-04-15",
"357890","2015-03-28",
"357900","2015-03-26",
"285730","2014-11-05",
"357910","2015-03-24",
"285740","2015-02-18",
"357920","2015-05-20",
"357930","2015-04-01",
"357940","2015-04-15",
"357980","2015-04-21",
"370000","2015-05-19",
"370001","2015-05-19",
"370040","2015-05-26",
"370070","2015-05-11",
"370080","2015-05-14",
"370100","2015-05-12",
"370150","2015-05-16",
"370190","2015-05-11",
"370230","2015-05-11",
"370300","2015-05-18",
"370310","2015-05-12",
"370400","2015-05-21",
"370401","2015-05-18",
"370402","2015-05-21",
"370500","2015-05-12",
"370520","2015-05-15",
"370530","2015-05-22",
"370550","2015-05-25",
"370570","2015-05-23",
"370580","2015-05-14",
"370640","2015-05-20",
"370720","2015-05-13",
"370930","2015-05-20",
"370931","2015-05-20",
"370960","2015-05-21",
"370970","2015-05-21",
"358000","2015-04-23",
"358010","2015-04-03",
"358020","2015-04-24",
"358070","2015-04-21",
"358090","2015-05-25",
"358110","2015-04-22",
"358130","2015-05-06",
"358140","2015-03-30",
"358141","2015-03-30",
"358142","2015-04-08",
"358143","2015-04-08",
"358150","2015-03-26",
"358170","2015-05-04",
"358180","2015-05-04",
"358190","2015-05-04",
"358200","2015-05-04",
"358210","2015-05-04",
"358220","2015-05-04",
"358230","2015-05-04",
"358240","2015-05-04",
"358250","2015-05-04",
"358260","2015-05-04",
"358270","2015-05-04",
"358280","2015-05-04",
"358290","2015-05-04",
"358300","2015-05-04",
"358310","2015-05-04",
"358320","2015-05-04",
"358330","2015-05-04",
"358340","2015-05-04",
"358350","2015-05-04",
"358360","2015-05-04",
"358370","2015-05-04",
"358380","2015-05-04",
"358390","2015-05-04",
"358400","2015-05-04",
"358410","2015-05-04",
"286240","2014-12-02",
"358420","2015-05-04",
"358430","2015-05-04",
"358440","2015-05-04",
"286280","2015-03-05",
"358480","2015-03-31",
"358610","2015-03-23",
"358620","2015-03-23",
"358700","2015-03-24",
"286570","2015-03-27",
"358770","2015-03-26",
"358800","2015-05-26",
"358820","2015-04-02",
"358850","2015-04-01",
"358870","2015-04-10",
"358910","2015-03-26",
"358950","2015-04-15",
"358960","2015-04-23",
"358970","2015-03-25",
"286991","2014-11-05",
"214130","2014-10-30",
"371070","2015-05-22",
"371100","2015-05-18",
"371110","2015-05-26",
"371130","2015-05-14",
"371160","2015-05-20",
"371170","2015-05-20",
"371190","2015-05-19",
"371230","2015-05-26",
"371270","2015-05-26",
"371330","2015-05-18",
"371370","2015-05-16",
"371390","2015-05-26",
"371400","2015-05-14",
"371420","2015-05-20",
"371440","2015-05-19",
"371500","2015-05-15",
"371530","2015-05-20",
"371550","2015-05-20",
"371600","2015-05-22",
"371710","2015-05-16",
"371740","2015-05-19",
"371790","2015-05-25",
"371800","2015-05-14",
"371890","2015-05-18",
"371900","2015-05-21",
"371960","2015-05-22",
"359040","2015-04-30",
"359070","2015-03-24",
"359080","2015-03-27",
"359090","2015-04-01",
"359110","2015-03-23",
"359120","2015-03-24",
"359130","2015-05-06",
"359180","2015-03-31",
"359190","2015-04-20",
"359220","2015-04-17",
"359260","2015-05-15",
"359280","2015-05-08",
"359290","2015-03-27",
"359300","2015-04-22",
"287140","2015-04-07",
"359320","2015-04-02",
"359370","2015-04-17",
"359400","2015-05-12",
"359410","2015-03-29",
"359440","2015-05-26",
"359480","2015-05-12",
"359500","2015-04-16",
"359520","2015-04-02",
"359521","2015-04-02",
"359522","2015-05-12",
"359540","2015-04-02",
"359550","2015-03-30",
"359560","2015-03-26",
"359580","2015-03-26",
"359590","2015-04-16",
"359630","2015-05-08",
"359650","2015-05-08",
"359670","2015-04-22",
"359760","2015-04-27",
"359780","2015-05-20",
"359800","2015-04-02",
"359810","2015-03-31",
"359850","2015-05-04",
"287680","2014-11-13",
"359890","2015-04-29",
"359900","2015-05-11",
"359920","2015-03-27",
"359930","2015-05-26",
"359950","2015-04-02",
"287960","2015-05-06",
"372020","2015-05-19",
"372070","2015-05-15",
"372100","2015-05-15",
"372170","2015-05-15",
"372180","2015-05-20",
"372280","2015-05-23",
"372390","2015-05-21",
"372400","2015-05-15",
"372480","2015-05-26",
"372520","2015-05-21",
"372550","2015-05-15",
"372580","2015-05-19",
"372670","2015-05-18",
"372700","2015-05-18",
"372730","2015-05-26",
"372770","2015-05-26",
"372860","2015-05-25",
"372870","2015-05-20",
"372890","2015-05-22",
"372930","2015-05-22",
"300080","2014-12-03",
"288140","2015-01-15",
"300120","2015-03-17",
"300200","2015-01-30",
"300340","2015-01-23",
"300570","2015-01-19",
"288670","2014-11-19",
"300620","2014-11-26",
"300640","2014-12-19",
"300840","2014-12-06",
"288930","2015-02-19",
"288940","2015-04-16",
"300960","2015-01-22",
"216438","2014-10-30",
"373090","2015-05-26",
"216670","2014-12-11",
"373110","2015-05-22",
"373140","2015-05-26",
"373190","2015-05-21",
"373220","2015-05-21",
"373250","2015-05-19",
"373280","2015-05-26",
"373290","2015-05-26",
"373440","2015-05-26",
"373711","2015-05-23",
"373780","2015-05-26",
"373960","2015-05-26",
"301120","2015-03-26",
"301210","2015-05-22",
"289550","2014-12-11",
"301560","2015-02-03",
"301640","2015-01-08",
"289780","2015-03-05",
"301780","2014-10-30",
"289880","2014-12-16",
"289881","2014-12-16",
"289910","2014-12-09",
"301920","2014-12-29",
"374160","2015-05-26",
"374220","2015-05-26",
"302010","2014-11-18",
"302020","2015-05-22",
"302030","2015-05-22",
"230290","2014-12-25",
"302570","2014-12-16",
"302830","2014-12-19",
"34200","2015-01-06",
"303260","2014-12-10",
"303550","2015-03-16",
"303690","2014-11-12",
"303800","2014-11-24",
"303820","2014-11-01",
"303830","2014-11-27",
"303910","2014-11-04",
"219070","2014-11-20",
"304010","2014-11-27",
"304030","2015-03-26",
"304212","2015-04-29",
"304380","2014-11-04",
"304540","2015-01-13",
"304710","2015-04-28",
"304910","2015-01-08",
"304950","2015-05-04",
"36100","2014-10-30",
"305380","2015-03-27",
"305460","2015-02-26",
"305500","2015-03-16",
"305660","2015-01-28",
"305740","2014-11-06",
"233610","2014-12-02",
"305800","2014-12-09",
"305880","2014-11-11",
"305940","2014-12-24",
"306020","2014-11-19",
"306100","2015-03-21",
"234000","2014-10-30",
"306340","2015-01-19",
"306370","2014-10-31",
"306390","2015-04-16",
"306395","2015-01-08",
"306397","2015-02-12",
"306398","2014-11-06",
"306399","2015-03-26",
"306440","2015-01-29",
"306610","2014-12-20",
"306670","2015-04-23",
"306930","2015-01-08",
"38230","2015-03-27",
"307030","2015-01-20",
"307210","2015-03-02",
"307230","2014-12-01",
"307430","2015-03-11",
"235380","2015-04-30",
"307580","2015-04-29",
"307590","2015-05-05",
"307600","2015-02-17",
"235540","2015-03-17",
"307780","2015-02-03",
"307880","2015-01-15",
"320090","2015-05-08",
"320140","2015-03-23",
"320150","2014-11-06",
"320300","2015-04-23",
"320350","2015-03-11",
"320351","2015-03-18",
"320352","2015-03-18",
"320353","2015-03-18",
"320360","2015-02-25",
"320361","2015-02-25",
"320362","2015-02-25",
"320363","2015-02-25",
"320364","2015-02-25",
"320370","2015-02-25",
"320371","2015-02-25",
"320372","2015-02-25",
"320380","2015-02-25",
"320381","2015-02-25",
"320382","2015-02-25",
"320383","2015-02-25",
"320384","2015-02-25",
"320385","2015-02-25",
"320386","2015-02-25",
"320387","2015-02-25",
"320388","2015-02-25",
"320400","2014-12-01",
"320430","2014-12-16",
"320520","2015-02-17",
"320540","2015-02-10",
"320590","2014-12-16",
"320610","2014-12-18",
"320670","2014-10-30",
"320760","2015-02-12",
"320820","2015-02-13",
"320830","2014-12-04",
"320860","2015-02-04",
"320986","2015-02-24",
"320987","2015-02-24",
"320988","2015-02-24",
"320989","2015-02-24",
"308172","2014-12-04",
"236110","2014-11-22",
"308440","2015-01-12",
"308520","2015-03-25",
"308560","2015-03-23",
"236690","2015-03-27",
"321010","2014-11-25",
"321040","2015-04-01",
"321070","2014-11-14",
"321080","2014-11-07",
"321100","2015-01-10",
"321140","2015-05-20",
"321141","2015-05-20",
"321142","2015-05-19",
"321250","2015-05-06",
"321260","2014-11-12",
"321280","2014-11-14",
"321300","2014-11-13",
"321380","2015-05-01",
"321430","2015-01-27",
"321450","2015-03-25",
"321490","2014-11-20",
"321540","2014-12-11",
"321660","2014-11-28",
"321860","2014-11-21",
"321880","2015-01-17",
"321890","2015-02-14",
"321950","2014-12-09",
"321960","2015-04-09",
"321990","2015-01-06",
"237550","2015-01-15",
"322020","2014-12-11",
"322021","2014-12-11",
"322022","2014-12-11",
"322030","2015-02-05",
"322110","2014-11-25",
"322140","2015-05-21",
"322141","2015-05-22",
"322150","2015-03-27",
"322151","2015-03-27",
"322152","2015-03-27",
"322153","2015-03-27",
"322170","2014-12-22",
"322210","2015-04-07",
"250070","2015-01-16",
"322290","2015-02-18",
"322300","2014-12-22",
"322330","2014-12-15",
"322410","2014-11-28",
"322480","2014-11-03",
"250310","2014-11-11",
"322510","2014-11-26",
"322520","2015-02-27",
"322540","2015-02-06",
"322550","2015-02-24",
"322610","2014-10-30",
"322670","2014-10-30",
"322700","2015-05-18",
"250580","2015-02-13",
"322900","2015-01-09",
"322910","2015-04-09",
"322920","2014-12-10",
"322930","2014-11-06",
"322970","2015-05-21",
"238340","2015-03-24",
"323000","2014-11-20",
"323020","2015-01-24",
"323220","2014-12-17",
"323230","2014-11-18",
"323240","2014-11-07",
"251130","2015-04-14",
"323320","2015-01-22",
"323340","2015-02-25",
"323341","2015-02-25",
"323380","2015-05-13",
"323420","2014-11-26",
"323450","2014-12-22",
"323630","2014-12-16",
"323650","2015-02-28",
"323670","2015-05-01",
"323720","2015-02-11",
"323770","2014-11-11",
"323780","2014-11-24",
"323900","2015-04-09",
"324050","2015-05-01",
"324070","2014-11-28",
"324080","2014-12-01",
"324130","2014-11-07",
"324140","2015-04-17",
"324240","2014-12-15",
"324250","2014-11-07",
"324260","2015-01-26",
"324270","2015-05-01",
"324300","2015-04-28",
"324331","2014-11-28",
"324332","2015-01-20",
"324342","2015-01-27",
"324343","2015-02-12",
"324344","2015-03-11",
"324350","2015-02-18",
"324351","2015-02-18",
"324352","2015-02-18",
"324360","2015-02-02",
"324420","2014-11-05",
"324450","2014-12-11",
"324510","2014-11-07",
"324570","2015-04-16",
"252450","2015-04-02",
"324710","2015-01-23",
"324750","2014-11-14",
"324790","2014-10-30",
"324810","2015-01-16",
"324910","2015-05-24",
"324912","2015-02-26",
"324913","2014-10-30",
"325060","2015-02-19",
"325080","2014-12-01",
"325100","2014-11-03",
"325120","2015-03-12",
"325130","2014-11-24",
"325131","2015-01-05",
"325132","2015-01-14",
"325135","2014-12-18",
"325136","2014-11-27",
"325137","2014-11-20",
"325138","2015-01-05",
"325139","2014-11-06",
"325150","2014-12-12",
"325180","2014-11-18",
"325330","2015-04-08",
"253190","2015-03-27",
"253290","2014-11-06",
"325470","2014-12-04",
"325490","2014-12-04",
"325520","2014-12-04",
"253390","2015-02-13",
"325600","2015-02-12",
"325660","2014-12-12",
"253530","2015-03-23",
"325723","2015-05-19",
"325790","2015-03-19",
"325870","2014-12-12",
"325880","2015-01-13",
"326060","2015-03-04",
"326120","2015-04-27",
"326160","2014-11-13",
"326190","2014-12-18",
"326210","2014-11-05",
"326310","2015-05-26",
"326350","2014-12-02",
"326380","2015-02-13",
"326440","2014-11-14",
"326460","2015-03-10",
"326470","2014-11-04",
"326480","2014-11-18",
"326510","2015-05-01",
"326590","2014-11-15",
"326621","2015-05-06",
"326622","2015-05-06",
"326623","2015-05-06",
"326624","2015-05-06",
"326630","2014-11-18",
"326650","2015-02-10",
"326670","2014-12-12",
"326720","2014-11-24",
"326730","2014-11-14",
"327010","2014-11-19",
"327060","2015-05-19",
"327090","2015-04-17",
"327100","2014-12-11",
"327130","2015-02-19",
"327170","2014-11-12",
"327171","2014-11-12",
"327172","2014-11-12",
"327173","2014-12-17",
"327174","2015-01-21",
"327175","2014-12-09",
"327176","2015-03-03",
"327177","2015-02-17",
"327191","2015-01-26",
"327200","2015-02-20",
"327230","2014-11-18",
"327280","2014-12-04",
"327310","2014-11-06",
"327370","2014-11-24",
"327410","2014-10-30",
"327440","2014-10-31",
"327450","2015-04-18",
"327470","2015-02-24",
"327490","2014-12-01",
"327500","2015-04-02",
"327520","2015-02-28",
"327610","2014-11-07",
"327640","2015-01-20",
"327670","2015-02-23",
"327770","2015-01-15",
"327830","2014-10-30",
"327831","2014-10-30",
"327840","2014-12-04",
"327880","2015-02-26",
"327890","2014-11-26",
"327960","2014-12-15",
"327980","2015-04-03",
"340010","2015-03-14",
"340030","2015-01-01",
"340050","2015-01-20",
"340070","2015-01-26",
"340080","2015-03-02",
"340090","2015-05-19",
"340110","2014-12-30",
"340120","2015-02-05",
"340130","2015-02-20",
"340150","2015-04-30",
"340200","2015-01-14",
"340210","2015-02-04",
"340220","2015-01-02",
"340230","2015-02-18",
"340231","2015-02-18",
"340232","2015-02-18",
"340233","2015-02-18",
"340280","2015-01-07",
"340290","2015-01-02",
"340300","2015-01-08",
"340310","2015-01-16",
"340330","2015-01-12",
"340340","2015-04-10",
"340350","2015-05-12",
"340360","2015-01-13",
"340380","2015-01-29",
"340390","2015-02-07",
"340400","2015-01-08",
"340410","2015-02-23",
"340440","2015-01-16",
"340450","2015-02-03",
"340460","2015-01-06",
"340470","2015-02-19",
"340480","2015-01-16",
"340490","2015-04-03",
"340520","2015-01-27",
"340540","2015-03-09",
"340550","2014-12-31",
"340570","2015-01-02",
"340580","2015-03-23",
"340600","2014-12-31",
"340610","2015-02-21",
"340630","2015-01-05",
"340650","2015-01-12",
"340661","2015-05-25",
"340670","2015-05-25",
"340720","2015-01-30",
"340730","2015-01-12",
"340740","2014-12-31",
"340750","2015-01-07",
"340800","2015-01-09",
"340810","2015-04-20",
"340820","2015-01-19",
"340860","2015-03-23",
"340880","2015-01-06",
"340890","2015-01-09",
"340920","2015-02-05",
"340950","2015-02-09",
"340970","2015-05-19",
"340990","2015-02-24",
"328060","2015-02-12",
"328070","2014-11-05",
"328100","2014-11-03",
"328110","2015-03-13",
"328140","2014-10-30",
"328170","2014-11-06",
"328171","2014-11-06",
"328220","2015-04-17",
"328230","2014-11-07",
"328260","2014-11-27",
"328270","2014-11-17",
"328280","2014-11-05",
"328290","2014-11-05",
"328310","2014-10-30",
"328390","2014-11-26",
"328480","2014-12-23",
"328500","2014-11-13",
"328530","2014-10-31",
"328580","2014-12-09",
"328600","2014-10-31",
"328640","2014-11-17",
"328650","2015-04-15",
"328670","2015-01-14",
"328680","2014-11-14",
"328690","2014-11-07",
"328700","2014-12-05",
"328710","2015-04-28",
"328730","2014-11-18",
"328740","2015-01-20",
"328760","2014-12-12",
"328802","2014-11-24",
"328803","2014-11-24",
"328804","2014-11-24",
"328815","2014-11-15",
"328816","2014-11-14",
"328817","2014-11-14",
"328818","2014-11-14",
"328830","2014-11-19",
"328870","2014-11-24",
"328880","2014-11-24",
"328890","2014-12-10",
"328900","2014-10-30",
"328920","2014-10-30",
"328930","2014-10-30",
"328940","2014-11-26",
"328990","2014-10-30",
"341000","2015-01-05",
"341020","2015-03-17",
"341060","2015-01-14",
"341070","2015-01-30",
"341080","2015-02-24",
"341090","2015-02-06",
"341120","2015-03-02",
"341140","2015-02-12",
"341141","2015-02-12",
"341150","2015-03-18",
"341160","2015-01-31",
"341210","2015-01-20",
"341220","2015-01-21",
"341260","2015-03-02",
"341310","2015-02-24",
"341320","2015-01-20",
"341340","2015-04-14",
"341360","2015-02-11",
"341380","2015-01-06",
"341390","2015-01-26",
"341410","2015-02-27",
"341440","2015-01-26",
"341450","2015-02-02",
"341460","2015-02-02",
"341470","2015-01-23",
"341480","2015-01-31",
"341500","2015-02-10",
"341510","2015-03-02",
"341530","2015-01-14",
"341540","2015-01-06",
"341610","2015-04-01",
"341640","2015-04-06",
"341660","2015-05-18",
"341680","2015-04-03",
"341690","2015-02-25",
"341700","2015-01-13",
"341710","2015-04-06",
"341720","2015-01-16",
"341730","2015-03-02",
"341750","2015-01-06",
"341760","2015-04-22",
"341770","2015-05-15",
"341780","2015-01-15",
"341790","2015-05-21",
"341810","2015-01-23",
"341820","2015-02-13",
"341840","2015-02-10",
"341841","2015-02-10",
"341842","2015-02-10",
"341843","2015-02-10",
"341844","2015-02-10",
"341845","2015-02-10",
"341846","2015-02-10",
"341847","2015-02-10",
"341848","2015-02-10",
"341849","2015-02-10",
"341850","2015-02-10",
"341860","2015-01-28",
"341910","2015-04-17",
"341930","2015-02-27",
"341940","2015-02-12",
"341950","2015-04-13",
"341960","2015-02-16",
"341990","2015-03-06",
"329010","2014-12-16",
"329011","2014-12-16",
"329012","2014-12-16",
"329013","2014-12-16",
"329050","2015-03-23",
"329100","2014-11-11",
"329110","2014-11-20",
"329130","2014-11-25",
"329190","2014-12-04",
"329200","2015-01-13",
"329240","2015-02-27",
"329260","2014-11-26",
"329270","2015-01-07",
"329370","2014-10-30",
"329380","2015-04-13",
"329430","2015-04-14",
"257260","2014-11-26",
"329460","2015-01-12",
"329490","2015-01-21",
"329500","2014-10-30",
"329510","2014-10-30",
"329530","2015-03-13",
"329550","2014-11-04",
"329551","2014-11-04",
"329600","2014-10-30",
"329610","2015-03-27",
"329620","2014-11-06",
"329630","2014-11-06",
"329640","2014-11-06",
"329650","2014-11-06",
"329660","2014-11-06",
"329670","2014-11-06",
"329680","2014-11-06",
"329690","2014-12-02",
"329760","2014-11-12",
"329770","2015-01-02",
"329820","2014-11-15",
"329821","2014-11-14",
"329822","2014-10-31",
"329823","2014-11-07",
"329890","2015-02-06",
"329950","2014-11-01",
"329960","2014-10-30",
"329970","2015-02-03",
"329980","2015-03-02",
"342000","2015-01-14",
"342010","2015-05-06",
"342020","2015-01-27",
"342050","2015-02-16",
"342051","2015-02-16",
"342090","2015-04-17",
"342100","2015-02-11",
"342150","2015-05-22",
"342180","2015-05-21",
"342190","2015-03-19",
"342230","2015-01-28",
"342240","2015-02-16",
"342250","2015-04-28",
"342260","2015-03-31",
"342270","2015-02-24",
"342300","2015-02-19",
"342310","2015-04-23",
"342330","2015-01-07",
"342350","2015-02-04",
"342360","2015-01-14",
"342370","2015-05-19",
"342380","2015-01-16",
"342430","2015-03-21",
"342450","2015-02-11",
"342480","2015-02-24",
"342490","2015-02-13",
"342500","2015-01-16",
"342510","2015-01-28",
"342520","2015-04-14",
"270370","2014-12-04",
"342550","2015-04-30",
"342560","2015-02-20",
"342570","2015-02-27",
"342580","2015-03-06",
"342610","2015-01-13",
"342620","2015-02-25",
"342630","2015-01-15",
"342650","2015-02-12",
"342680","2015-01-22",
"342740","2015-01-29",
"342750","2015-01-20",
"342751","2015-01-20",
"342752","2015-01-20",
"342753","2015-01-20",
"342754","2015-01-20",
"342755","2015-01-27",
"342756","2015-01-27",
"342757","2015-01-27",
"342758","2015-01-27",
"342759","2015-01-27",
"342760","2015-01-27",
"342761","2015-02-03",
"342762","2015-02-03",
"342763","2015-02-03",
"342764","2015-02-03",
"342765","2015-02-03",
"342766","2015-02-10",
"342767","2015-02-10",
"342768","2015-02-10",
"342769","2015-02-10",
"342770","2015-02-17",
"342771","2015-02-17",
"342772","2015-02-17",
"342773","2015-02-17",
"342774","2015-02-17",
"342775","2015-02-17",
"342776","2015-02-24",
"342777","2015-02-24",
"342778","2015-02-24",
"342779","2015-02-24",
"342780","2015-03-03",
"342781","2015-03-03",
"342782","2015-03-03",
"342783","2015-03-03",
"342784","2015-03-03",
"342785","2015-03-03",
"342786","2015-03-10",
"342787","2015-03-10",
"342788","2015-03-10",
"342789","2015-03-10",
"342790","2015-03-17",
"342791","2015-03-17",
"342792","2015-03-17",
"342793","2015-03-17",
"342794","2015-03-17",
"342795","2015-03-17",
"342796","2015-03-24",
"342797","2015-03-24",
"342798","2015-03-24",
"342799","2015-03-24",
"342800","2015-03-24",
"342801","2015-03-31",
"342802","2015-03-31",
"342803","2015-03-31",
"342804","2015-03-31",
"342805","2015-04-01",
"342806","2015-03-31",
"342807","2015-04-07",
"342808","2015-04-07",
"342809","2015-04-07",
"342810","2015-04-07",
"342811","2015-04-07",
"342812","2015-04-14",
"342813","2015-04-14",
"342814","2015-04-14",
"342815","2015-04-14",
"342816","2015-04-21",
"342817","2015-04-21",
"342818","2015-04-21",
"342819","2015-04-21",
"342820","2015-04-21",
"342821","2015-04-21",
"342822","2015-04-28",
"342823","2015-04-28",
"342824","2015-04-28",
"342825","2015-04-28",
"342826","2015-05-06",
"342827","2015-05-06",
"342828","2015-05-06",
"342829","2015-05-06",
"342830","2015-05-06",
"342831","2015-05-05",
"342832","2015-05-12",
"342833","2015-05-12",
"342834","2015-05-12",
"342835","2015-05-12",
"342836","2015-05-19",
"342837","2015-05-19",
"342838","2015-05-19",
"342839","2015-05-19",
"342840","2015-05-19",
"342841","2015-05-19",
"342842","2015-05-26",
"342843","2015-05-26",
"342844","2015-05-26",
"342860","2015-01-21",
"342870","2015-03-05",
"342880","2015-01-22",
"342890","2015-03-06",
"342970","2015-03-20",
"342980","2015-02-06",
"342990","2015-04-01",
"270810","2015-03-26",
"270830","2014-11-03",
"270870","2015-01-27",
"270871","2015-01-27",
"270942","2014-11-24",
"258160","2015-01-22",
"258402","2014-11-18",
"258403","2014-11-18",
"258404","2014-11-18",
"258405","2014-11-19",
"258406","2014-11-18",
"258407","2014-11-18",
"258641","2014-11-25",
"258642","2015-02-19",
"258663","2015-01-08",
"258668","2015-01-22",
"258671","2014-12-05",
"258674","2014-12-04",
"258679","2015-01-15",
"258800","2014-11-06",
"258910","2015-01-06",
"343000","2015-04-07",
"343020","2015-01-30",
"343070","2015-03-19",
"343100","2015-01-26",
"343120","2015-01-19",
"343140","2015-02-24",
"343170","2015-03-16",
"343180","2015-03-17",
"343250","2015-01-27",
"343270","2015-01-16",
"343280","2015-02-18",
"343290","2015-01-23",
"343300","2015-02-12",
"343320","2015-01-30",
"343330","2015-02-24",
"343340","2015-04-17",
"343360","2015-01-30",
"343370","2015-01-30",
"343380","2015-01-30",
"343390","2015-04-06",
"271240","2015-02-12",
"343420","2015-02-26",
"343421","2015-03-05",
"343422","2015-03-20",
"343423","2015-03-27",
"343424","2015-04-02",
"343425","2015-04-09",
"343426","2015-04-16",
"343430","2015-01-26",
"343440","2015-05-22",
"343460","2015-02-23",
"343461","2015-03-18",
"271332","2015-04-22",
"343510","2015-01-26",
"343570","2015-03-19",
"343580","2015-01-30",
"343600","2015-03-12",
"343610","2015-03-12",
"343611","2015-03-12",
"343612","2015-03-12",
"343613","2015-03-12",
"343614","2015-03-12",
"343615","2015-03-12",
"343630","2015-02-12",
"271479","2014-12-09",
"271480","2014-12-09",
"271481","2014-12-09",
"343710","2015-05-21",
"343720","2015-01-19",
"343740","2015-01-19",
"343750","2015-01-29",
"343760","2015-01-21",
"343770","2015-03-05",
"343780","2015-01-19",
